CustomerID,Age,Income,CreditScore,AccountTier
CUST_0001,56,38047,819,Gold
CUST_0002,69,46105,573,Platinum
CUST_0003,46,95766,555,Platinum
CUST_0004,32,64262,607,Platinum
CUST_0005,60,145117,596,Silver
CUST_0006,25,43776,594,Silver
CUST_0007,38,148376,569,Silver
CUST_0008,56,157848,768,Platinum
CUST_0009,36,112787,724,Silver
CUST_0010,40,147948,541,Gold
CUST_0011,28,75016,507,Silver
CUST_0012,28,41959,795,Gold
CUST_0013,41,156602,678,Platinum
CUST_0014,70,139101,566,Platinum
CUST_0015,53,23748,767,Silver
CUST_0016,57,33545,728,Platinum
CUST_0017,41,147659,576,Gold
CUST_0018,20,93530,842,Silver
CUST_0019,39,113557,845,Gold
CUST_0020,70,81087,578,Silver
CUST_0021,19,88840,507,Silver
CUST_0022,41,138451,571,Gold
CUST_0023,61,71005,450,Silver
CUST_0024,47,59353,688,Silver
CUST_0025,55,72733,739,Silver
CUST_0026,19,85318,545,Silver
CUST_0027,38,87172,575,Silver
CUST_0028,50,113264,567,Gold
CUST_0029,29,46736,497,Gold
CUST_0030,39,132859,538,Gold
CUST_0031,61,132181,686,Platinum
CUST_0032,42,151926,822,Gold
CUST_0033,66,110084,834,Gold
CUST_0034,44,27392,721,Silver
CUST_0035,59,75680,638,Silver
CUST_0036,45,70859,641,Silver
CUST_0037,33,145657,518,Silver
CUST_0038,32,90467,727,Gold
CUST_0039,64,118506,798,Silver
CUST_0040,68,129751,696,Platinum
CUST_0041,61,138906,525,Platinum
CUST_0042,72,45342,603,Gold
CUST_0043,69,126308,593,Silver
CUST_0044,74,126081,535,Silver
CUST_0045,20,109045,634,Platinum
CUST_0046,54,54698,734,Platinum
CUST_0047,68,130078,669,Silver
CUST_0048,24,100623,518,Gold
CUST_0049,38,42671,496,Silver
CUST_0050,26,113384,543,Silver
CUST_0051,56,106202,687,Silver
CUST_0052,35,71663,653,Silver
CUST_0053,21,35708,849,Platinum
CUST_0054,42,111906,667,Gold
CUST_0055,31,69811,790,Silver
CUST_0056,67,153883,488,Gold
CUST_0057,26,76250,549,Platinum
CUST_0058,43,132547,738,Platinum
CUST_0059,70,144249,703,Silver
CUST_0060,19,54754,671,Silver
CUST_0061,37,153983,806,Silver
CUST_0062,45,159752,472,Silver
CUST_0063,64,104896,699,Silver
CUST_0064,24,91295,459,Gold
CUST_0065,61,120689,695,Silver
CUST_0066,25,31111,774,Silver
CUST_0067,64,57504,549,Silver
CUST_0068,52,152874,739,Silver
CUST_0069,31,28155,629,Silver
CUST_0070,34,59384,672,Silver
CUST_0071,53,132561,843,Silver
CUST_0072,67,67254,699,Silver
CUST_0073,57,41918,596,Silver
CUST_0074,21,105981,545,Gold
CUST_0075,19,50306,706,Silver
CUST_0076,23,66843,774,Silver
CUST_0077,71,140975,453,Silver
CUST_0078,59,116601,465,Platinum
CUST_0079,21,127512,729,Silver
CUST_0080,71,131472,785,Gold
CUST_0081,46,153121,696,Platinum
CUST_0082,35,123727,707,Silver
CUST_0083,43,132893,833,Platinum
CUST_0084,61,40932,609,Gold
CUST_0085,51,137796,789,Silver
CUST_0086,27,49855,601,Silver
CUST_0087,53,27400,845,Gold
CUST_0088,31,137858,627,Silver
CUST_0089,48,35151,612,Platinum
CUST_0090,65,86690,829,Silver
CUST_0091,32,24499,482,Gold
CUST_0092,25,26295,628,Silver
CUST_0093,31,140885,550,Platinum
CUST_0094,40,146071,717,Gold
CUST_0095,74,79040,772,Silver
CUST_0096,57,32183,514,Silver
CUST_0097,38,136336,617,Silver
CUST_0098,33,52711,779,Silver
CUST_0099,62,25539,492,Silver
CUST_0100,35,146063,493,Gold
CUST_0101,64,153629,734,Gold
CUST_0102,70,58360,846,Gold
CUST_0103,41,153272,461,Platinum
CUST_0104,43,41357,544,Gold
CUST_0105,42,139121,751,Gold
CUST_0106,62,97505,835,Gold
CUST_0107,58,22869,702,Silver
CUST_0108,46,70108,691,Silver
CUST_0109,32,132296,484,Silver
CUST_0110,62,114179,664,Silver
CUST_0111,18,110272,786,Silver
CUST_0112,42,58467,539,Silver
CUST_0113,24,43328,713,Platinum
CUST_0114,26,111412,542,Gold
CUST_0115,41,155059,539,Silver
CUST_0116,18,78871,564,Silver
CUST_0117,61,148391,554,Silver
CUST_0118,25,106416,840,Silver
CUST_0119,41,90271,645,Silver
CUST_0120,28,64064,763,Platinum
CUST_0121,68,127450,563,Silver
CUST_0122,34,39830,524,Platinum
CUST_0123,25,157965,825,Platinum
CUST_0124,52,136381,666,Silver
CUST_0125,52,67333,726,Gold
CUST_0126,50,154508,698,Gold
CUST_0127,22,96213,613,Silver
CUST_0128,59,156967,843,Silver
CUST_0129,56,50746,806,Gold
CUST_0130,58,69377,641,Gold
CUST_0131,45,74045,676,Platinum
CUST_0132,24,117888,626,Platinum
CUST_0133,26,127455,548,Gold
CUST_0134,25,156672,485,Platinum
CUST_0135,29,113179,545,Gold
CUST_0136,51,65714,601,Gold
CUST_0137,50,122946,600,Gold
CUST_0138,65,129616,639,Silver
CUST_0139,72,125983,673,Gold
CUST_0140,40,144123,486,Gold
CUST_0141,41,63484,717,Silver
CUST_0142,54,102989,818,Platinum
CUST_0143,52,56212,632,Silver
CUST_0144,61,63525,462,Gold
CUST_0145,57,83208,728,Gold
CUST_0146,39,53828,666,Gold
CUST_0147,44,23420,804,Silver
CUST_0148,52,116752,810,Platinum
CUST_0149,18,151373,735,Gold
CUST_0150,52,135294,722,Silver
CUST_0151,54,144019,818,Silver
CUST_0152,64,85726,511,Gold
CUST_0153,31,135668,533,Silver
CUST_0154,20,26102,817,Silver
CUST_0155,18,138015,666,Gold
CUST_0156,22,46641,791,Silver
CUST_0157,43,123746,846,Gold
CUST_0158,72,56631,636,Silver
CUST_0159,31,92991,468,Gold
CUST_0160,56,24014,626,Silver
CUST_0161,44,31093,549,Gold
CUST_0162,26,38070,845,Silver
CUST_0163,32,55777,682,Gold
CUST_0164,32,76958,525,Silver
CUST_0165,43,102074,714,Platinum
CUST_0166,59,30729,733,Gold
CUST_0167,30,125864,655,Platinum
CUST_0168,68,150858,672,Gold
CUST_0169,49,125510,833,Silver
CUST_0170,56,74748,501,Platinum
CUST_0171,66,25801,788,Silver
CUST_0172,69,49592,816,Silver
CUST_0173,49,30647,593,Silver
CUST_0174,21,159788,822,Gold
CUST_0175,47,130627,518,Gold
CUST_0176,54,90316,548,Silver
CUST_0177,40,22368,845,Platinum
CUST_0178,56,97575,474,Silver
CUST_0179,62,26655,828,Silver
CUST_0180,32,90031,502,Silver
CUST_0181,60,107922,600,Silver
CUST_0182,46,144046,593,Silver
CUST_0183,53,52097,506,Gold
CUST_0184,30,144862,488,Gold
CUST_0185,49,138834,558,Silver
CUST_0186,24,113848,630,Silver
CUST_0187,68,72921,491,Silver
CUST_0188,39,146141,635,Platinum
CUST_0189,45,42677,847,Silver
CUST_0190,19,75609,672,Gold
CUST_0191,59,51024,571,Platinum
CUST_0192,62,90313,582,Gold
CUST_0193,74,147813,612,Platinum
CUST_0194,70,115285,664,Silver
CUST_0195,23,133632,670,Gold
CUST_0196,45,23051,684,Gold
CUST_0197,45,134692,780,Gold
CUST_0198,61,107235,595,Silver
CUST_0199,61,93523,688,Silver
CUST_0200,37,114476,525,Silver
