TransactionID,CustomerID,Timestamp,Amount,Category,Channel,IsFlaggedFraud
TX_000001,CUST_0025,2026-02-17,94.97,Utilities,Mobile App,0
TX_000002,CUST_0016,2026-05-16,150.86,Groceries,ATM,0
TX_000003,CUST_0182,2026-01-22,112.78,Dining Out,Branch,0
TX_000004,CUST_0073,2026-01-06,4.48,Dining Out,Branch,0
TX_000005,CUST_0129,2026-04-14,163.52,Groceries,Branch,0
TX_000006,CUST_0042,2026-02-05,36.97,Travel,ATM,0
TX_000007,CUST_0147,2026-03-20,42.49,Groceries,Branch,0
TX_000008,CUST_0162,2026-04-26,10.86,Groceries,Branch,0
TX_000009,CUST_0080,2026-02-26,108.97,Utilities,ATM,0
TX_000010,CUST_0104,2026-02-18,18.1,Groceries,Mobile App,0
TX_000011,CUST_0183,2026-03-23,68.4,Groceries,ATM,0
TX_000012,CUST_0146,2026-03-07,148.96,Dining Out,ATM,0
TX_000013,CUST_0034,2026-03-18,9.47,Utilities,ATM,0
TX_000014,CUST_0089,2026-02-14,63.32,Dining Out,ATM,0
TX_000015,CUST_0125,2026-03-20,23.24,Dining Out,Mobile App,0
TX_000016,CUST_0045,2026-01-20,35.6,Travel,Branch,0
TX_000017,CUST_0134,2026-05-03,53.39,Travel,ATM,0
TX_000018,CUST_0021,2026-03-08,37.09,Utilities,Mobile App,0
TX_000019,CUST_0122,2026-03-24,85.72,Utilities,Branch,0
TX_000020,CUST_0070,2026-01-03,54.25,Travel,Branch,0
TX_000021,CUST_0096,2026-03-05,72.2,Travel,Branch,0
TX_000022,CUST_0105,2026-02-09,108.79,Travel,ATM,0
TX_000023,CUST_0048,2026-02-28,67.27,Travel,ATM,0
TX_000024,CUST_0039,2026-03-03,72.65,Travel,Branch,0
TX_000025,CUST_0031,2026-05-12,68.49,Dining Out,Branch,0
TX_000026,CUST_0010,2026-03-01,40.08,Utilities,Branch,0
TX_000027,CUST_0030,2026-04-26,34.93,Dining Out,Branch,0
TX_000028,CUST_0018,2026-03-16,185.93,Dining Out,Branch,0
TX_000029,CUST_0188,2026-05-02,76.83,Groceries,Branch,0
TX_000030,CUST_0088,2026-04-17,24.41,Dining Out,Mobile App,0
TX_000031,CUST_0125,2026-04-06,57.17,Travel,Branch,0
TX_000032,CUST_0073,2026-04-01,34.08,Travel,ATM,0
TX_000033,CUST_0015,2026-06-07,219.08,Groceries,ATM,0
TX_000034,CUST_0004,2026-05-10,2.61,Groceries,ATM,0
TX_000035,CUST_0191,2026-03-03,22.43,Groceries,Branch,0
TX_000036,CUST_0168,2026-02-18,38.38,Groceries,ATM,0
TX_000037,CUST_0009,2026-05-17,55.52,Groceries,Mobile App,0
TX_000038,CUST_0109,2026-04-02,154.21,Dining Out,Branch,0
TX_000039,CUST_0137,2026-06-08,9.36,Groceries,ATM,0
TX_000040,CUST_0154,2026-05-04,133.14,Dining Out,Mobile App,0
TX_000041,CUST_0132,2026-03-02,6.58,Utilities,Mobile App,0
TX_000042,CUST_0016,2026-02-17,149.77,Groceries,ATM,0
TX_000043,CUST_0143,2026-06-02,6.24,Groceries,Mobile App,0
TX_000044,CUST_0099,2026-05-16,3.47,Dining Out,ATM,0
TX_000045,CUST_0121,2026-02-27,97.51,Utilities,Mobile App,0
TX_000046,CUST_0052,2026-04-11,473.85,Dining Out,Branch,0
TX_000047,CUST_0069,2026-04-22,183.54,Dining Out,Branch,0
TX_000048,CUST_0005,2026-03-03,70.64,Groceries,Branch,0
TX_000049,CUST_0020,2026-02-08,201.5,Travel,Branch,0
TX_000050,CUST_0079,2026-02-27,2.43,Travel,Branch,0
TX_000051,CUST_0146,2026-04-09,297.33,Dining Out,ATM,0
TX_000052,CUST_0111,2026-02-13,55.99,Groceries,Branch,0
TX_000053,CUST_0002,2026-01-29,104.67,Utilities,Branch,0
TX_000054,CUST_0093,2026-02-28,139.57,Travel,Branch,0
TX_000055,CUST_0013,2026-03-12,103.4,Utilities,Branch,0
TX_000056,CUST_0004,2026-04-02,63.26,Travel,Mobile App,0
TX_000057,CUST_0170,2026-01-09,53.8,Groceries,Branch,0
TX_000058,CUST_0109,2026-05-07,147.9,Dining Out,Branch,0
TX_000059,CUST_0074,2026-05-14,20.36,Utilities,ATM,0
TX_000060,CUST_0189,2026-06-06,277.35,Utilities,Mobile App,0
TX_000061,CUST_0095,2026-05-25,101.29,Dining Out,ATM,0
TX_000062,CUST_0105,2026-05-24,19.8,Utilities,Branch,0
TX_000063,CUST_0008,2026-05-11,108.62,Travel,ATM,0
TX_000064,CUST_0067,2026-01-21,62.37,Dining Out,ATM,0
TX_000065,CUST_0191,2026-03-05,100.27,Travel,Branch,0
TX_000066,CUST_0110,2026-03-31,118.81,Travel,Mobile App,0
TX_000067,CUST_0009,2026-02-05,9.31,Groceries,Mobile App,0
TX_000068,CUST_0117,2026-03-03,58.43,Travel,ATM,0
TX_000069,CUST_0011,2026-03-17,217.08,Groceries,Branch,0
TX_000070,CUST_0099,2026-01-13,32.93,Utilities,ATM,0
TX_000071,CUST_0042,2026-01-11,74.09,Utilities,ATM,0
TX_000072,CUST_0141,2026-02-23,38.87,Groceries,ATM,0
TX_000073,CUST_0164,2026-01-16,50.45,Travel,Branch,0
TX_000074,CUST_0120,2026-01-08,65.63,Dining Out,Branch,0
TX_000075,CUST_0141,2026-04-14,65.69,Dining Out,Mobile App,0
TX_000076,CUST_0012,2026-02-28,20.02,Groceries,Branch,0
TX_000077,CUST_0037,2026-02-26,94.31,Utilities,ATM,0
TX_000078,CUST_0074,2026-02-09,9.36,Utilities,ATM,0
TX_000079,CUST_0073,2026-05-10,13.96,Dining Out,Mobile App,0
TX_000080,CUST_0052,2026-04-04,2.22,Groceries,Branch,0
TX_000081,CUST_0199,2026-05-18,11.93,Dining Out,ATM,0
TX_000082,CUST_0130,2026-02-13,53.27,Travel,Mobile App,0
TX_000083,CUST_0056,2026-05-19,76.53,Travel,Mobile App,0
TX_000084,CUST_0060,2026-03-21,128.5,Groceries,ATM,0
TX_000085,CUST_0023,2026-03-22,11.03,Groceries,ATM,0
TX_000086,CUST_0103,2026-01-02,154.16,Travel,Branch,0
TX_000087,CUST_0040,2026-05-20,111.63,Utilities,Mobile App,0
TX_000088,CUST_0064,2026-04-25,44.01,Groceries,ATM,0
TX_000089,CUST_0085,2026-03-31,218.17,Travel,Mobile App,0
TX_000090,CUST_0151,2026-01-23,378.22,Travel,Branch,0
TX_000091,CUST_0157,2026-05-26,20.35,Utilities,ATM,0
TX_000092,CUST_0179,2026-03-03,40.14,Utilities,Branch,0
TX_000093,CUST_0197,2026-04-23,210.78,Utilities,Mobile App,0
TX_000094,CUST_0089,2026-05-08,104.29,Utilities,Branch,0
TX_000095,CUST_0031,2026-03-03,5.94,Dining Out,Branch,0
TX_000096,CUST_0178,2026-02-07,123.68,Utilities,Mobile App,0
TX_000097,CUST_0020,2026-03-02,142.79,Dining Out,Branch,0
TX_000098,CUST_0183,2026-05-09,113.06,Groceries,Mobile App,0
TX_000099,CUST_0130,2026-06-05,130.57,Travel,ATM,0
TX_000100,CUST_0153,2026-05-29,141.5,Dining Out,Mobile App,0
TX_000101,CUST_0013,2026-05-02,18.5,Groceries,Mobile App,0
TX_000102,CUST_0122,2026-04-20,23.5,Groceries,ATM,0
TX_000103,CUST_0103,2026-01-13,82.36,Dining Out,Mobile App,0
TX_000104,CUST_0106,2026-06-04,192.76,Groceries,ATM,0
TX_000105,CUST_0119,2026-04-10,32.41,Groceries,ATM,0
TX_000106,CUST_0070,2026-05-15,73.0,Dining Out,Mobile App,0
TX_000107,CUST_0195,2026-01-22,93.9,Groceries,Branch,0
TX_000108,CUST_0186,2026-03-15,50.11,Utilities,Branch,0
TX_000109,CUST_0099,2026-05-12,102.08,Utilities,ATM,0
TX_000110,CUST_0082,2026-01-23,185.94,Travel,Branch,0
TX_000111,CUST_0075,2026-04-29,80.27,Groceries,Branch,0
TX_000112,CUST_0118,2026-03-11,64.08,Travel,Mobile App,0
TX_000113,CUST_0084,2026-03-25,48.21,Utilities,ATM,0
TX_000114,CUST_0192,2026-04-11,70.92,Utilities,ATM,0
TX_000115,CUST_0069,2026-03-25,37.13,Utilities,Mobile App,0
TX_000116,CUST_0059,2026-01-28,41.74,Groceries,Branch,0
TX_000117,CUST_0188,2026-05-16,62.72,Groceries,ATM,0
TX_000118,CUST_0126,2026-01-01,7.52,Utilities,Branch,0
TX_000119,CUST_0111,2026-03-04,22.81,Travel,ATM,0
TX_000120,CUST_0062,2026-01-22,64.62,Travel,ATM,0
TX_000121,CUST_0144,2026-03-11,47.18,Dining Out,ATM,0
TX_000122,CUST_0128,2026-05-05,34.38,Utilities,ATM,0
TX_000123,CUST_0105,2026-05-29,106.91,Travel,Branch,0
TX_000124,CUST_0068,2026-04-06,96.66,Utilities,Branch,0
TX_000125,CUST_0015,2026-03-20,16.59,Travel,Branch,0
TX_000126,CUST_0183,2026-01-05,170.71,Dining Out,Branch,0
TX_000127,CUST_0035,2026-03-01,56.72,Dining Out,Mobile App,0
TX_000128,CUST_0183,2026-04-30,110.22,Utilities,ATM,0
TX_000129,CUST_0014,2026-02-15,70.11,Travel,ATM,0
TX_000130,CUST_0177,2026-05-14,9510.99,Groceries,ATM,1
TX_000131,CUST_0102,2026-02-25,113.68,Dining Out,Mobile App,0
TX_000132,CUST_0100,2026-04-20,100.2,Utilities,Branch,0
TX_000133,CUST_0007,2026-06-06,122.61,Utilities,ATM,0
TX_000134,CUST_0030,2026-04-14,14.36,Travel,Branch,0
TX_000135,CUST_0049,2026-03-18,20.31,Utilities,Branch,0
TX_000136,CUST_0144,2026-05-26,102.16,Dining Out,Mobile App,0
TX_000137,CUST_0111,2026-01-02,56.49,Utilities,Mobile App,0
TX_000138,CUST_0179,2026-01-08,114.4,Utilities,Branch,0
TX_000139,CUST_0072,2026-03-16,10.69,Groceries,ATM,0
TX_000140,CUST_0080,2026-05-05,63.51,Groceries,ATM,0
TX_000141,CUST_0083,2026-02-07,40.09,Dining Out,Mobile App,0
TX_000142,CUST_0042,2026-01-27,50.85,Travel,Mobile App,0
TX_000143,CUST_0017,2026-01-20,76.1,Groceries,Mobile App,0
TX_000144,CUST_0191,2026-05-20,7820.91,Travel,Mobile App,1
TX_000145,CUST_0173,2026-02-12,64.1,Dining Out,Mobile App,0
TX_000146,CUST_0007,2026-01-31,55.3,Groceries,Mobile App,0
TX_000147,CUST_0155,2026-04-01,44.07,Travel,Mobile App,0
TX_000148,CUST_0010,2026-03-02,120.23,Groceries,ATM,0
TX_000149,CUST_0034,2026-04-19,2.98,Dining Out,Mobile App,0
TX_000150,CUST_0036,2026-04-01,74.99,Dining Out,Mobile App,0
TX_000151,CUST_0153,2026-04-05,68.69,Groceries,ATM,0
TX_000152,CUST_0006,2026-05-23,102.75,Travel,ATM,0
TX_000153,CUST_0152,2026-05-24,75.11,Utilities,Branch,0
TX_000154,CUST_0146,2026-01-13,142.26,Utilities,Mobile App,0
TX_000155,CUST_0134,2026-04-23,257.68,Groceries,Mobile App,0
TX_000156,CUST_0029,2026-02-04,35.55,Travel,Mobile App,0
TX_000157,CUST_0126,2026-05-29,22.63,Utilities,Mobile App,0
TX_000158,CUST_0153,2026-06-07,46.08,Dining Out,Branch,0
TX_000159,CUST_0183,2026-02-17,29.17,Travel,ATM,0
TX_000160,CUST_0081,2026-02-04,78.35,Utilities,ATM,0
TX_000161,CUST_0174,2026-03-27,196.3,Travel,Mobile App,0
TX_000162,CUST_0152,2026-06-08,13.98,Groceries,Mobile App,0
TX_000163,CUST_0075,2026-06-01,10.5,Travel,Mobile App,0
TX_000164,CUST_0026,2026-04-24,25.66,Utilities,Branch,0
TX_000165,CUST_0127,2026-04-10,105.6,Groceries,Branch,0
TX_000166,CUST_0115,2026-06-09,73.91,Travel,ATM,0
TX_000167,CUST_0126,2026-04-09,10.63,Dining Out,Mobile App,0
TX_000168,CUST_0028,2026-01-03,202.82,Utilities,Mobile App,0
TX_000169,CUST_0131,2026-03-26,126.88,Groceries,Mobile App,0
TX_000170,CUST_0075,2026-05-05,3.86,Travel,Mobile App,0
TX_000171,CUST_0166,2026-05-18,86.3,Dining Out,Branch,0
TX_000172,CUST_0189,2026-03-24,120.01,Utilities,ATM,0
TX_000173,CUST_0078,2026-01-25,39.53,Dining Out,ATM,0
TX_000174,CUST_0179,2026-03-09,7.71,Travel,Branch,0
TX_000175,CUST_0090,2026-03-02,8.44,Travel,Mobile App,0
TX_000176,CUST_0176,2026-01-29,10.81,Groceries,ATM,0
TX_000177,CUST_0021,2026-05-07,148.83,Dining Out,ATM,0
TX_000178,CUST_0054,2026-01-19,195.25,Groceries,Branch,0
TX_000179,CUST_0184,2026-03-15,12.48,Utilities,Mobile App,0
TX_000180,CUST_0103,2026-03-02,23.53,Groceries,ATM,0
TX_000181,CUST_0059,2026-06-02,16.48,Utilities,Mobile App,0
TX_000182,CUST_0072,2026-01-20,18.5,Travel,ATM,0
TX_000183,CUST_0179,2026-02-17,147.36,Travel,Branch,0
TX_000184,CUST_0020,2026-03-28,34.29,Dining Out,Mobile App,0
TX_000185,CUST_0112,2026-06-01,31.85,Utilities,Branch,0
TX_000186,CUST_0059,2026-05-19,22.64,Travel,ATM,0
TX_000187,CUST_0071,2026-04-20,76.9,Dining Out,Branch,0
TX_000188,CUST_0137,2026-01-28,40.15,Dining Out,Branch,0
TX_000189,CUST_0109,2026-02-28,111.08,Groceries,Branch,0
TX_000190,CUST_0129,2026-05-13,20.41,Dining Out,ATM,0
TX_000191,CUST_0157,2026-02-20,126.01,Travel,Mobile App,0
TX_000192,CUST_0191,2026-05-29,76.05,Groceries,Branch,0
TX_000193,CUST_0200,2026-01-12,11.71,Utilities,Mobile App,0
TX_000194,CUST_0056,2026-02-19,44.82,Utilities,ATM,0
TX_000195,CUST_0196,2026-05-12,161.33,Travel,Mobile App,0
TX_000196,CUST_0035,2026-04-23,207.07,Travel,Branch,0
TX_000197,CUST_0123,2026-06-02,52.14,Groceries,Branch,0
TX_000198,CUST_0131,2026-01-14,54.44,Groceries,Branch,0
TX_000199,CUST_0104,2026-02-01,202.53,Travel,Branch,0
TX_000200,CUST_0007,2026-05-19,72.76,Travel,Branch,0
TX_000201,CUST_0027,2026-05-26,4.67,Utilities,Branch,0
TX_000202,CUST_0001,2026-06-04,197.12,Utilities,ATM,0
TX_000203,CUST_0199,2026-02-24,24.83,Utilities,ATM,0
TX_000204,CUST_0172,2026-04-30,70.95,Travel,ATM,0
TX_000205,CUST_0087,2026-03-16,16.48,Dining Out,Mobile App,0
TX_000206,CUST_0041,2026-01-21,4.76,Travel,Mobile App,0
TX_000207,CUST_0123,2026-05-13,31.86,Travel,ATM,0
TX_000208,CUST_0075,2026-03-28,123.31,Utilities,Mobile App,0
TX_000209,CUST_0042,2026-02-28,28.01,Travel,Mobile App,0
TX_000210,CUST_0117,2026-03-30,21.89,Groceries,Branch,0
TX_000211,CUST_0161,2026-05-30,21.13,Travel,Branch,0
TX_000212,CUST_0178,2026-03-24,59.92,Travel,Mobile App,0
TX_000213,CUST_0063,2026-03-06,298.86,Travel,Mobile App,0
TX_000214,CUST_0165,2026-03-05,51.15,Travel,ATM,0
TX_000215,CUST_0187,2026-03-12,67.19,Dining Out,Mobile App,0
TX_000216,CUST_0127,2026-01-04,159.65,Travel,Branch,0
TX_000217,CUST_0176,2026-05-23,63.27,Groceries,Mobile App,0
TX_000218,CUST_0133,2026-04-14,18.31,Groceries,ATM,0
TX_000219,CUST_0048,2026-05-30,30.49,Travel,Branch,0
TX_000220,CUST_0003,2026-04-03,31.68,Utilities,Branch,0
TX_000221,CUST_0116,2026-05-22,42.51,Dining Out,Branch,0
TX_000222,CUST_0175,2026-05-28,46.52,Travel,Branch,0
TX_000223,CUST_0190,2026-04-22,130.67,Travel,Mobile App,0
TX_000224,CUST_0099,2026-04-29,36.39,Travel,ATM,0
TX_000225,CUST_0116,2026-02-28,52.52,Utilities,Mobile App,0
TX_000226,CUST_0014,2026-02-12,80.46,Utilities,Mobile App,0
TX_000227,CUST_0191,2026-01-12,39.95,Utilities,Branch,0
TX_000228,CUST_0112,2026-02-09,146.91,Dining Out,ATM,0
TX_000229,CUST_0061,2026-04-28,72.83,Groceries,Branch,0
TX_000230,CUST_0159,2026-01-20,29.86,Dining Out,Mobile App,0
TX_000231,CUST_0095,2026-05-11,102.16,Utilities,Mobile App,0
TX_000232,CUST_0017,2026-06-05,62.0,Groceries,Branch,0
TX_000233,CUST_0124,2026-03-31,63.16,Groceries,Mobile App,0
TX_000234,CUST_0024,2026-04-04,54.48,Utilities,Mobile App,0
TX_000235,CUST_0116,2026-01-13,56.98,Utilities,Branch,0
TX_000236,CUST_0151,2026-03-07,117.97,Dining Out,Mobile App,0
TX_000237,CUST_0082,2026-02-06,10.69,Utilities,ATM,0
TX_000238,CUST_0050,2026-03-07,34.56,Groceries,Branch,0
TX_000239,CUST_0079,2026-02-05,8.28,Travel,ATM,0
TX_000240,CUST_0079,2026-01-26,113.95,Utilities,Mobile App,0
TX_000241,CUST_0070,2026-03-16,27.43,Utilities,Mobile App,0
TX_000242,CUST_0027,2026-04-18,184.18,Dining Out,Branch,0
TX_000243,CUST_0015,2026-02-12,61.82,Dining Out,Mobile App,0
TX_000244,CUST_0050,2026-05-30,131.06,Utilities,Branch,0
TX_000245,CUST_0036,2026-05-28,310.8,Groceries,Branch,0
TX_000246,CUST_0008,2026-01-08,148.5,Groceries,Branch,0
TX_000247,CUST_0079,2026-01-29,163.39,Travel,Branch,0
TX_000248,CUST_0131,2026-02-09,43.94,Utilities,Branch,0
TX_000249,CUST_0190,2026-06-07,66.19,Dining Out,ATM,0
TX_000250,CUST_0047,2026-05-08,25.43,Groceries,Branch,0
TX_000251,CUST_0105,2026-03-25,19.46,Travel,ATM,0
TX_000252,CUST_0098,2026-04-26,58.34,Utilities,Mobile App,0
TX_000253,CUST_0096,2026-05-24,74.32,Groceries,Branch,0
TX_000254,CUST_0189,2026-03-03,35.15,Utilities,Mobile App,0
TX_000255,CUST_0160,2026-01-07,69.41,Utilities,Branch,0
TX_000256,CUST_0116,2026-02-14,176.76,Groceries,ATM,0
TX_000257,CUST_0013,2026-06-04,67.08,Groceries,ATM,0
TX_000258,CUST_0001,2026-03-29,104.07,Groceries,ATM,0
TX_000259,CUST_0034,2026-03-14,132.91,Utilities,Mobile App,0
TX_000260,CUST_0190,2026-02-06,360.84,Utilities,Branch,0
TX_000261,CUST_0079,2026-04-29,75.95,Travel,Mobile App,0
TX_000262,CUST_0078,2026-02-26,133.54,Dining Out,ATM,0
TX_000263,CUST_0121,2026-01-08,264.99,Utilities,Mobile App,0
TX_000264,CUST_0093,2026-04-05,233.18,Dining Out,ATM,0
TX_000265,CUST_0098,2026-04-27,14.17,Groceries,ATM,0
TX_000266,CUST_0082,2026-04-20,43.72,Utilities,ATM,0
TX_000267,CUST_0199,2026-01-20,33.32,Travel,Branch,0
TX_000268,CUST_0159,2026-05-04,9.27,Travel,Branch,0
TX_000269,CUST_0192,2026-02-22,82.24,Dining Out,ATM,0
TX_000270,CUST_0153,2026-04-29,108.52,Groceries,Mobile App,0
TX_000271,CUST_0038,2026-01-12,152.78,Dining Out,Mobile App,0
TX_000272,CUST_0014,2026-01-17,12.48,Groceries,Branch,0
TX_000273,CUST_0136,2026-03-05,169.28,Travel,ATM,0
TX_000274,CUST_0091,2026-02-11,84.38,Dining Out,Mobile App,0
TX_000275,CUST_0054,2026-04-04,99.38,Travel,ATM,0
TX_000276,CUST_0130,2026-06-06,195.19,Travel,Mobile App,0
TX_000277,CUST_0101,2026-05-27,80.42,Groceries,Branch,0
TX_000278,CUST_0089,2026-01-11,34.74,Dining Out,ATM,0
TX_000279,CUST_0056,2026-04-08,141.49,Dining Out,ATM,0
TX_000280,CUST_0094,2026-03-12,38.09,Travel,Mobile App,0
TX_000281,CUST_0093,2026-04-18,4.79,Travel,Mobile App,0
TX_000282,CUST_0084,2026-02-27,144.07,Groceries,Mobile App,0
TX_000283,CUST_0085,2026-02-03,35.87,Utilities,ATM,0
TX_000284,CUST_0189,2026-01-20,120.92,Utilities,Branch,0
TX_000285,CUST_0022,2026-02-19,38.05,Travel,Branch,0
TX_000286,CUST_0035,2026-04-12,159.9,Utilities,Mobile App,0
TX_000287,CUST_0016,2026-05-18,21.83,Utilities,Branch,0
TX_000288,CUST_0050,2026-06-09,295.67,Utilities,Mobile App,0
TX_000289,CUST_0122,2026-02-21,123.04,Utilities,Branch,0
TX_000290,CUST_0128,2026-01-15,11.7,Travel,ATM,0
TX_000291,CUST_0113,2026-03-25,68.74,Utilities,Mobile App,0
TX_000292,CUST_0171,2026-05-11,339.96,Utilities,Branch,0
TX_000293,CUST_0017,2026-02-06,52.95,Groceries,ATM,0
TX_000294,CUST_0080,2026-05-06,18.08,Travel,Branch,0
TX_000295,CUST_0186,2026-02-09,55.05,Dining Out,ATM,0
TX_000296,CUST_0130,2026-03-13,59.47,Dining Out,ATM,0
TX_000297,CUST_0132,2026-02-09,110.29,Groceries,Branch,0
TX_000298,CUST_0085,2026-02-25,8046.1,Groceries,Branch,1
TX_000299,CUST_0167,2026-05-31,43.21,Travel,ATM,0
TX_000300,CUST_0094,2026-04-14,21.67,Dining Out,ATM,0
TX_000301,CUST_0134,2026-05-19,84.86,Utilities,ATM,0
TX_000302,CUST_0081,2026-04-20,45.81,Groceries,Mobile App,0
TX_000303,CUST_0069,2026-05-16,13.35,Dining Out,ATM,0
TX_000304,CUST_0069,2026-04-03,186.67,Travel,Mobile App,0
TX_000305,CUST_0148,2026-04-04,96.01,Utilities,ATM,0
TX_000306,CUST_0192,2026-02-25,93.95,Travel,Mobile App,0
TX_000307,CUST_0016,2026-03-01,140.34,Groceries,ATM,0
TX_000308,CUST_0051,2026-05-18,62.34,Dining Out,ATM,0
TX_000309,CUST_0105,2026-02-08,137.02,Dining Out,ATM,0
TX_000310,CUST_0165,2026-01-28,57.15,Dining Out,Branch,0
TX_000311,CUST_0197,2026-02-18,7.56,Dining Out,Branch,0
TX_000312,CUST_0170,2026-05-05,43.57,Utilities,ATM,0
TX_000313,CUST_0185,2026-01-13,57.05,Utilities,Mobile App,0
TX_000314,CUST_0066,2026-02-05,103.9,Travel,Mobile App,0
TX_000315,CUST_0009,2026-04-11,11.02,Utilities,ATM,0
TX_000316,CUST_0107,2026-01-26,14.07,Groceries,Branch,0
TX_000317,CUST_0100,2026-03-27,26.49,Groceries,Mobile App,0
TX_000318,CUST_0086,2026-01-04,26.79,Dining Out,Branch,0
TX_000319,CUST_0064,2026-03-23,107.4,Groceries,Mobile App,0
TX_000320,CUST_0022,2026-05-07,25.09,Travel,ATM,0
TX_000321,CUST_0162,2026-03-29,82.21,Utilities,Branch,0
TX_000322,CUST_0183,2026-05-07,56.54,Utilities,Mobile App,0
TX_000323,CUST_0157,2026-04-30,70.13,Utilities,ATM,0
TX_000324,CUST_0166,2026-01-22,147.67,Groceries,ATM,0
TX_000325,CUST_0110,2026-05-10,43.45,Utilities,ATM,0
TX_000326,CUST_0097,2026-01-31,119.89,Dining Out,Branch,0
TX_000327,CUST_0018,2026-04-29,45.86,Dining Out,Branch,0
TX_000328,CUST_0071,2026-01-11,36.94,Dining Out,ATM,0
TX_000329,CUST_0193,2026-02-15,256.81,Groceries,Branch,0
TX_000330,CUST_0127,2026-04-06,18.3,Utilities,Mobile App,0
TX_000331,CUST_0097,2026-01-10,9.57,Groceries,ATM,0
TX_000332,CUST_0001,2026-05-08,119.92,Utilities,ATM,0
TX_000333,CUST_0132,2026-06-01,7.66,Travel,Branch,0
TX_000334,CUST_0004,2026-04-09,147.16,Travel,ATM,0
TX_000335,CUST_0125,2026-04-22,47.99,Groceries,Mobile App,0
TX_000336,CUST_0082,2026-03-01,199.69,Dining Out,Branch,0
TX_000337,CUST_0027,2026-03-28,104.28,Groceries,Branch,0
TX_000338,CUST_0171,2026-05-25,77.41,Dining Out,ATM,0
TX_000339,CUST_0059,2026-03-06,240.56,Utilities,ATM,0
TX_000340,CUST_0032,2026-02-26,42.42,Dining Out,ATM,0
TX_000341,CUST_0161,2026-04-16,248.48,Dining Out,Branch,0
TX_000342,CUST_0028,2026-01-09,13.6,Utilities,ATM,0
TX_000343,CUST_0106,2026-01-22,54.89,Travel,Mobile App,0
TX_000344,CUST_0105,2026-05-21,27.17,Utilities,ATM,0
TX_000345,CUST_0183,2026-03-30,64.09,Groceries,ATM,0
TX_000346,CUST_0188,2026-01-18,16.14,Groceries,Branch,0
TX_000347,CUST_0070,2026-04-25,149.38,Groceries,ATM,0
TX_000348,CUST_0062,2026-05-25,151.88,Groceries,Branch,0
TX_000349,CUST_0034,2026-05-23,250.51,Groceries,ATM,0
TX_000350,CUST_0087,2026-04-16,9197.68,Travel,Mobile App,1
TX_000351,CUST_0114,2026-01-15,80.11,Travel,Mobile App,0
TX_000352,CUST_0106,2026-03-04,53.43,Dining Out,Branch,0
TX_000353,CUST_0056,2026-01-13,35.77,Groceries,Branch,0
TX_000354,CUST_0113,2026-03-22,36.65,Utilities,ATM,0
TX_000355,CUST_0013,2026-02-01,44.59,Groceries,ATM,0
TX_000356,CUST_0184,2026-05-17,99.64,Travel,Mobile App,0
TX_000357,CUST_0018,2026-02-09,74.96,Groceries,ATM,0
TX_000358,CUST_0182,2026-05-28,51.25,Travel,Mobile App,0
TX_000359,CUST_0113,2026-03-23,8.32,Dining Out,Branch,0
TX_000360,CUST_0171,2026-03-18,8.48,Dining Out,ATM,0
TX_000361,CUST_0039,2026-03-17,2.19,Dining Out,Branch,0
TX_000362,CUST_0189,2026-02-07,276.61,Travel,ATM,0
TX_000363,CUST_0170,2026-03-12,2.42,Groceries,Mobile App,0
TX_000364,CUST_0079,2026-02-17,10.7,Groceries,Branch,0
TX_000365,CUST_0146,2026-01-18,32.22,Utilities,Branch,0
TX_000366,CUST_0151,2026-05-24,133.78,Travel,ATM,0
TX_000367,CUST_0182,2026-02-08,263.82,Utilities,Branch,0
TX_000368,CUST_0030,2026-03-30,126.86,Dining Out,Mobile App,0
TX_000369,CUST_0098,2026-03-03,95.84,Groceries,Branch,0
TX_000370,CUST_0058,2026-05-21,60.93,Travel,Branch,0
TX_000371,CUST_0196,2026-04-19,9.26,Utilities,ATM,0
TX_000372,CUST_0067,2026-03-22,255.93,Utilities,Branch,0
TX_000373,CUST_0071,2026-05-14,115.64,Utilities,ATM,0
TX_000374,CUST_0146,2026-03-18,83.5,Groceries,ATM,0
TX_000375,CUST_0106,2026-03-31,115.85,Groceries,Branch,0
TX_000376,CUST_0007,2026-01-14,105.02,Groceries,Mobile App,0
TX_000377,CUST_0040,2026-04-05,83.12,Travel,ATM,0
TX_000378,CUST_0070,2026-02-23,317.3,Groceries,Branch,0
TX_000379,CUST_0193,2026-05-12,188.94,Travel,ATM,0
TX_000380,CUST_0068,2026-02-08,85.23,Utilities,Mobile App,0
TX_000381,CUST_0049,2026-03-13,96.52,Utilities,Mobile App,0
TX_000382,CUST_0052,2026-01-25,6.24,Dining Out,ATM,0
TX_000383,CUST_0114,2026-03-18,90.67,Groceries,Mobile App,0
TX_000384,CUST_0107,2026-06-09,5.61,Utilities,Branch,0
TX_000385,CUST_0029,2026-04-30,72.99,Groceries,Branch,0
TX_000386,CUST_0149,2026-02-22,589.51,Travel,ATM,0
TX_000387,CUST_0078,2026-06-05,66.92,Utilities,Mobile App,0
TX_000388,CUST_0009,2026-05-11,53.28,Groceries,Branch,0
TX_000389,CUST_0175,2026-05-30,32.02,Utilities,Branch,0
TX_000390,CUST_0076,2026-04-06,12.27,Utilities,Branch,0
TX_000391,CUST_0042,2026-03-13,107.05,Groceries,ATM,0
TX_000392,CUST_0179,2026-03-03,19.11,Utilities,ATM,0
TX_000393,CUST_0184,2026-01-06,11.8,Utilities,Branch,0
TX_000394,CUST_0179,2026-02-01,45.82,Utilities,Branch,0
TX_000395,CUST_0198,2026-04-09,128.91,Utilities,Mobile App,0
TX_000396,CUST_0128,2026-05-18,111.34,Travel,Mobile App,0
TX_000397,CUST_0020,2026-05-11,6.52,Utilities,Mobile App,0
TX_000398,CUST_0155,2026-03-17,50.58,Dining Out,ATM,0
TX_000399,CUST_0166,2026-02-28,61.12,Utilities,Branch,0
TX_000400,CUST_0072,2026-01-31,84.75,Groceries,ATM,0
TX_000401,CUST_0065,2026-04-03,86.02,Dining Out,Branch,0
TX_000402,CUST_0182,2026-03-10,38.29,Travel,Mobile App,0
TX_000403,CUST_0113,2026-02-21,67.8,Dining Out,Mobile App,0
TX_000404,CUST_0024,2026-03-30,54.48,Dining Out,Mobile App,0
TX_000405,CUST_0128,2026-05-07,175.02,Dining Out,Mobile App,0
TX_000406,CUST_0175,2026-01-31,62.45,Groceries,Branch,0
TX_000407,CUST_0199,2026-03-25,48.53,Groceries,Mobile App,0
TX_000408,CUST_0083,2026-05-07,43.47,Groceries,Branch,0
TX_000409,CUST_0063,2026-05-30,69.97,Travel,Branch,0
TX_000410,CUST_0185,2026-05-12,132.36,Groceries,ATM,0
TX_000411,CUST_0183,2026-01-13,63.84,Groceries,Mobile App,0
TX_000412,CUST_0060,2026-02-14,88.7,Dining Out,Mobile App,0
TX_000413,CUST_0099,2026-05-07,10525.06,Groceries,ATM,1
TX_000414,CUST_0062,2026-04-24,60.75,Utilities,Branch,0
TX_000415,CUST_0030,2026-01-20,46.52,Groceries,Mobile App,0
TX_000416,CUST_0022,2026-03-22,169.43,Travel,Branch,0
TX_000417,CUST_0126,2026-05-09,45.23,Travel,ATM,0
TX_000418,CUST_0157,2026-05-23,51.58,Utilities,Branch,0
TX_000419,CUST_0169,2026-01-17,373.19,Travel,Mobile App,0
TX_000420,CUST_0042,2026-06-01,2.02,Travel,Branch,0
TX_000421,CUST_0098,2026-02-27,18.41,Dining Out,Branch,0
TX_000422,CUST_0193,2026-03-13,40.76,Utilities,Mobile App,0
TX_000423,CUST_0031,2026-04-19,217.76,Dining Out,Mobile App,0
TX_000424,CUST_0158,2026-01-23,7.81,Dining Out,Branch,0
TX_000425,CUST_0112,2026-03-13,2.76,Groceries,Branch,0
TX_000426,CUST_0146,2026-01-08,6.33,Utilities,ATM,0
TX_000427,CUST_0122,2026-02-28,9.42,Groceries,Mobile App,0
TX_000428,CUST_0017,2026-04-21,5.07,Groceries,Branch,0
TX_000429,CUST_0038,2026-01-13,54.28,Dining Out,Mobile App,0
TX_000430,CUST_0142,2026-06-05,71.54,Travel,ATM,0
TX_000431,CUST_0110,2026-01-16,27.36,Utilities,Branch,0
TX_000432,CUST_0184,2026-04-29,42.64,Travel,Branch,0
TX_000433,CUST_0022,2026-01-02,9.69,Dining Out,Branch,0
TX_000434,CUST_0195,2026-05-25,34.8,Dining Out,Mobile App,0
TX_000435,CUST_0056,2026-01-30,61.14,Dining Out,ATM,0
TX_000436,CUST_0119,2026-04-13,107.42,Dining Out,Mobile App,0
TX_000437,CUST_0147,2026-01-13,2.27,Dining Out,Branch,0
TX_000438,CUST_0057,2026-04-06,52.39,Dining Out,ATM,0
TX_000439,CUST_0172,2026-04-04,30.19,Travel,Branch,0
TX_000440,CUST_0035,2026-03-23,155.29,Groceries,Branch,0
TX_000441,CUST_0114,2026-01-13,102.58,Travel,Mobile App,0
TX_000442,CUST_0125,2026-04-04,73.15,Utilities,Branch,0
TX_000443,CUST_0129,2026-05-29,27.98,Travel,ATM,0
TX_000444,CUST_0052,2026-04-22,194.94,Dining Out,Branch,0
TX_000445,CUST_0085,2026-02-24,5.69,Travel,Branch,0
TX_000446,CUST_0198,2026-03-22,11.27,Groceries,Mobile App,0
TX_000447,CUST_0165,2026-04-26,41.76,Utilities,ATM,0
TX_000448,CUST_0065,2026-05-23,12.63,Travel,Mobile App,0
TX_000449,CUST_0179,2026-04-18,252.64,Groceries,Branch,0
TX_000450,CUST_0129,2026-02-22,129.95,Travel,Mobile App,0
TX_000451,CUST_0021,2026-05-08,25.98,Utilities,Mobile App,0
TX_000452,CUST_0181,2026-06-07,73.05,Travel,Mobile App,0
TX_000453,CUST_0016,2026-02-26,324.87,Dining Out,Mobile App,0
TX_000454,CUST_0123,2026-02-21,174.47,Travel,Branch,0
TX_000455,CUST_0061,2026-05-17,75.46,Groceries,Branch,0
TX_000456,CUST_0054,2026-04-21,189.24,Travel,ATM,0
TX_000457,CUST_0168,2026-01-01,364.15,Groceries,Mobile App,0
TX_000458,CUST_0026,2026-02-13,110.8,Utilities,Mobile App,0
TX_000459,CUST_0080,2026-03-16,7.38,Travel,ATM,0
TX_000460,CUST_0065,2026-04-08,43.08,Utilities,Mobile App,0
TX_000461,CUST_0100,2026-01-09,147.53,Utilities,ATM,0
TX_000462,CUST_0074,2026-02-01,22.97,Travel,Branch,0
TX_000463,CUST_0192,2026-01-15,144.06,Groceries,ATM,0
TX_000464,CUST_0171,2026-05-20,12.26,Utilities,Mobile App,0
TX_000465,CUST_0017,2026-05-16,5.85,Utilities,ATM,0
TX_000466,CUST_0121,2026-03-13,40.77,Travel,Branch,0
TX_000467,CUST_0187,2026-06-04,4.99,Travel,Mobile App,0
TX_000468,CUST_0023,2026-01-12,254.23,Travel,Branch,0
TX_000469,CUST_0135,2026-03-06,141.99,Travel,Branch,0
TX_000470,CUST_0172,2026-04-17,131.06,Travel,ATM,0
TX_000471,CUST_0181,2026-02-11,81.49,Dining Out,Branch,0
TX_000472,CUST_0071,2026-04-25,21.5,Travel,Mobile App,0
TX_000473,CUST_0108,2026-05-19,60.43,Groceries,Branch,0
TX_000474,CUST_0079,2026-04-13,74.76,Utilities,Branch,0
TX_000475,CUST_0162,2026-04-05,61.56,Groceries,ATM,0
TX_000476,CUST_0046,2026-01-17,26.11,Groceries,Branch,0
TX_000477,CUST_0196,2026-06-09,59.93,Dining Out,ATM,0
TX_000478,CUST_0078,2026-03-26,56.05,Travel,ATM,0
TX_000479,CUST_0016,2026-05-31,450.73,Utilities,Mobile App,0
TX_000480,CUST_0071,2026-02-25,184.18,Groceries,Mobile App,0
TX_000481,CUST_0096,2026-05-14,51.8,Travel,Mobile App,0
TX_000482,CUST_0147,2026-03-27,80.03,Travel,Mobile App,0
TX_000483,CUST_0002,2026-04-12,112.23,Dining Out,ATM,0
TX_000484,CUST_0010,2026-02-23,4.84,Dining Out,Branch,0
TX_000485,CUST_0178,2026-04-25,182.24,Dining Out,Mobile App,0
TX_000486,CUST_0125,2026-05-19,159.36,Utilities,Mobile App,0
TX_000487,CUST_0081,2026-03-29,50.92,Groceries,Mobile App,0
TX_000488,CUST_0140,2026-02-18,41.7,Dining Out,Branch,0
TX_000489,CUST_0070,2026-05-29,27.5,Dining Out,Mobile App,0
TX_000490,CUST_0150,2026-04-25,53.8,Dining Out,Branch,0
TX_000491,CUST_0032,2026-03-04,5.63,Groceries,ATM,0
TX_000492,CUST_0105,2026-04-14,154.95,Groceries,ATM,0
TX_000493,CUST_0084,2026-03-24,4.89,Dining Out,ATM,0
TX_000494,CUST_0129,2026-04-13,33.93,Dining Out,Branch,0
TX_000495,CUST_0182,2026-06-05,216.58,Travel,Mobile App,0
TX_000496,CUST_0058,2026-01-17,108.31,Dining Out,Mobile App,0
TX_000497,CUST_0198,2026-01-06,28.44,Utilities,Mobile App,0
TX_000498,CUST_0146,2026-05-27,25.3,Utilities,Mobile App,0
TX_000499,CUST_0134,2026-01-28,2.41,Dining Out,Mobile App,0
TX_000500,CUST_0045,2026-02-07,4650.98,Groceries,Branch,1
TX_000501,CUST_0097,2026-04-29,6.0,Travel,ATM,0
TX_000502,CUST_0023,2026-02-06,62.85,Groceries,Mobile App,0
TX_000503,CUST_0023,2026-04-25,263.87,Dining Out,ATM,0
TX_000504,CUST_0154,2026-03-09,11.27,Utilities,Branch,0
TX_000505,CUST_0135,2026-02-12,181.91,Travel,Branch,0
TX_000506,CUST_0079,2026-02-27,383.18,Groceries,Mobile App,0
TX_000507,CUST_0044,2026-01-13,7.08,Groceries,Branch,0
TX_000508,CUST_0027,2026-02-21,173.58,Dining Out,ATM,0
TX_000509,CUST_0026,2026-02-27,60.07,Travel,Mobile App,0
TX_000510,CUST_0097,2026-02-01,191.6,Utilities,Mobile App,0
TX_000511,CUST_0036,2026-04-15,69.76,Dining Out,ATM,0
TX_000512,CUST_0109,2026-03-24,88.8,Travel,Mobile App,0
TX_000513,CUST_0055,2026-04-09,64.78,Groceries,Mobile App,0
TX_000514,CUST_0192,2026-04-14,161.9,Dining Out,ATM,0
TX_000515,CUST_0185,2026-01-28,107.91,Groceries,Mobile App,0
TX_000516,CUST_0069,2026-05-09,60.93,Groceries,Mobile App,0
TX_000517,CUST_0061,2026-02-17,164.09,Dining Out,ATM,0
TX_000518,CUST_0130,2026-02-09,24.51,Dining Out,Branch,0
TX_000519,CUST_0055,2026-04-07,15.7,Dining Out,ATM,0
TX_000520,CUST_0122,2026-04-24,15.99,Dining Out,Mobile App,0
TX_000521,CUST_0097,2026-05-12,34.52,Dining Out,ATM,0
TX_000522,CUST_0080,2026-06-04,23.82,Groceries,Mobile App,0
TX_000523,CUST_0087,2026-05-17,214.84,Utilities,Mobile App,0
TX_000524,CUST_0038,2026-04-21,10.95,Utilities,ATM,0
TX_000525,CUST_0119,2026-05-24,98.05,Dining Out,Mobile App,0
TX_000526,CUST_0078,2026-03-17,18.78,Groceries,Branch,0
TX_000527,CUST_0157,2026-01-31,172.72,Utilities,Mobile App,0
TX_000528,CUST_0154,2026-04-29,262.18,Utilities,ATM,0
TX_000529,CUST_0035,2026-05-22,52.11,Utilities,Branch,0
TX_000530,CUST_0079,2026-01-25,171.0,Groceries,Branch,0
TX_000531,CUST_0067,2026-02-03,2.41,Dining Out,Mobile App,0
TX_000532,CUST_0087,2026-03-08,139.16,Dining Out,ATM,0
TX_000533,CUST_0157,2026-06-01,22.77,Dining Out,Mobile App,0
TX_000534,CUST_0034,2026-04-28,10231.84,Travel,Mobile App,1
TX_000535,CUST_0097,2026-03-14,2.09,Travel,ATM,0
TX_000536,CUST_0169,2026-01-26,66.99,Travel,ATM,0
TX_000537,CUST_0169,2026-05-28,115.06,Groceries,Mobile App,0
TX_000538,CUST_0151,2026-04-14,25.95,Utilities,Branch,0
TX_000539,CUST_0071,2026-01-10,19.17,Utilities,Mobile App,0
TX_000540,CUST_0003,2026-03-08,9.03,Groceries,Branch,0
TX_000541,CUST_0058,2026-06-01,33.61,Groceries,Mobile App,0
TX_000542,CUST_0032,2026-01-05,67.65,Dining Out,ATM,0
TX_000543,CUST_0031,2026-01-27,11.85,Dining Out,Branch,0
TX_000544,CUST_0082,2026-04-23,39.82,Travel,ATM,0
TX_000545,CUST_0043,2026-01-15,2.73,Travel,ATM,0
TX_000546,CUST_0135,2026-04-15,138.6,Groceries,ATM,0
TX_000547,CUST_0105,2026-02-13,13.0,Travel,ATM,0
TX_000548,CUST_0001,2026-01-26,28.65,Utilities,ATM,0
TX_000549,CUST_0061,2026-04-05,6490.43,Groceries,Mobile App,1
TX_000550,CUST_0014,2026-03-25,47.28,Groceries,Branch,0
TX_000551,CUST_0180,2026-05-20,148.67,Utilities,Mobile App,0
TX_000552,CUST_0006,2026-05-12,41.83,Dining Out,Mobile App,0
TX_000553,CUST_0103,2026-03-28,17.83,Dining Out,Mobile App,0
TX_000554,CUST_0010,2026-04-22,114.1,Utilities,ATM,0
TX_000555,CUST_0071,2026-05-09,126.4,Utilities,Mobile App,0
TX_000556,CUST_0090,2026-03-30,17.27,Travel,Branch,0
TX_000557,CUST_0158,2026-03-07,119.87,Groceries,Mobile App,0
TX_000558,CUST_0149,2026-06-07,237.45,Travel,ATM,0
TX_000559,CUST_0126,2026-05-11,16.56,Utilities,Branch,0
TX_000560,CUST_0188,2026-05-02,119.92,Travel,Branch,0
TX_000561,CUST_0097,2026-05-29,100.64,Utilities,Branch,0
TX_000562,CUST_0074,2026-03-25,53.33,Travel,Branch,0
TX_000563,CUST_0115,2026-04-26,6.77,Travel,Mobile App,0
TX_000564,CUST_0191,2026-04-26,8.21,Dining Out,ATM,0
TX_000565,CUST_0170,2026-02-07,155.07,Utilities,Branch,0
TX_000566,CUST_0051,2026-05-23,371.61,Travel,Branch,0
TX_000567,CUST_0192,2026-04-20,92.17,Groceries,ATM,0
TX_000568,CUST_0056,2026-02-15,49.24,Travel,Mobile App,0
TX_000569,CUST_0041,2026-01-25,85.43,Travel,Branch,0
TX_000570,CUST_0032,2026-01-21,74.19,Groceries,Mobile App,0
TX_000571,CUST_0015,2026-05-01,40.71,Utilities,Mobile App,0
TX_000572,CUST_0062,2026-05-02,7.43,Dining Out,Mobile App,0
TX_000573,CUST_0155,2026-05-13,139.86,Dining Out,Mobile App,0
TX_000574,CUST_0028,2026-03-11,39.2,Dining Out,Branch,0
TX_000575,CUST_0064,2026-04-23,138.65,Groceries,Branch,0
TX_000576,CUST_0187,2026-04-17,25.28,Travel,Mobile App,0
TX_000577,CUST_0186,2026-04-22,2.08,Utilities,Mobile App,0
TX_000578,CUST_0130,2026-04-18,15.85,Travel,ATM,0
TX_000579,CUST_0127,2026-02-16,52.57,Dining Out,ATM,0
TX_000580,CUST_0036,2026-04-01,233.03,Travel,ATM,0
TX_000581,CUST_0114,2026-01-18,10.62,Groceries,Branch,0
TX_000582,CUST_0199,2026-05-29,156.05,Groceries,ATM,0
TX_000583,CUST_0013,2026-04-14,61.9,Utilities,Branch,0
TX_000584,CUST_0015,2026-05-31,141.86,Utilities,Branch,0
TX_000585,CUST_0089,2026-02-09,30.35,Dining Out,Branch,0
TX_000586,CUST_0188,2026-05-18,148.58,Utilities,Branch,0
TX_000587,CUST_0022,2026-03-30,120.56,Travel,ATM,0
TX_000588,CUST_0191,2026-03-02,22.91,Groceries,Mobile App,0
TX_000589,CUST_0074,2026-01-05,13.26,Groceries,Mobile App,0
TX_000590,CUST_0025,2026-05-02,164.03,Groceries,Mobile App,0
TX_000591,CUST_0101,2026-02-24,266.26,Utilities,ATM,0
TX_000592,CUST_0176,2026-02-06,4.54,Groceries,Mobile App,0
TX_000593,CUST_0171,2026-02-25,107.12,Groceries,ATM,0
TX_000594,CUST_0117,2026-04-12,194.21,Groceries,ATM,0
TX_000595,CUST_0166,2026-04-03,157.79,Dining Out,ATM,0
TX_000596,CUST_0041,2026-03-14,269.1,Dining Out,Mobile App,0
TX_000597,CUST_0173,2026-02-28,116.2,Utilities,Mobile App,0
TX_000598,CUST_0088,2026-01-02,48.71,Groceries,Mobile App,0
TX_000599,CUST_0168,2026-04-14,5279.45,Utilities,Branch,1
TX_000600,CUST_0110,2026-02-20,32.94,Groceries,ATM,0
TX_000601,CUST_0120,2026-01-30,105.11,Groceries,Branch,0
TX_000602,CUST_0097,2026-01-11,111.58,Groceries,ATM,0
TX_000603,CUST_0145,2026-04-18,19.89,Utilities,Mobile App,0
TX_000604,CUST_0057,2026-03-17,164.07,Utilities,ATM,0
TX_000605,CUST_0130,2026-03-31,102.4,Groceries,ATM,0
TX_000606,CUST_0096,2026-05-03,68.18,Travel,Branch,0
TX_000607,CUST_0121,2026-05-05,53.02,Utilities,ATM,0
TX_000608,CUST_0062,2026-05-02,64.69,Dining Out,Mobile App,0
TX_000609,CUST_0137,2026-04-04,15.88,Utilities,ATM,0
TX_000610,CUST_0068,2026-04-13,20.22,Groceries,ATM,0
TX_000611,CUST_0081,2026-01-31,9.65,Travel,ATM,0
TX_000612,CUST_0017,2026-02-21,15.35,Groceries,Branch,0
TX_000613,CUST_0117,2026-03-30,50.37,Dining Out,ATM,0
TX_000614,CUST_0050,2026-03-17,62.46,Utilities,ATM,0
TX_000615,CUST_0112,2026-05-09,3.44,Utilities,Branch,0
TX_000616,CUST_0094,2026-01-22,129.48,Groceries,Branch,0
TX_000617,CUST_0168,2026-02-09,29.87,Groceries,Branch,0
TX_000618,CUST_0186,2026-04-11,196.28,Dining Out,Branch,0
TX_000619,CUST_0085,2026-04-21,276.15,Travel,Mobile App,0
TX_000620,CUST_0149,2026-05-09,18.41,Dining Out,Mobile App,0
TX_000621,CUST_0146,2026-03-06,51.61,Travel,ATM,0
TX_000622,CUST_0183,2026-05-29,2.1,Utilities,Mobile App,0
TX_000623,CUST_0157,2026-03-20,74.97,Travel,ATM,0
TX_000624,CUST_0152,2026-01-22,76.78,Travel,Mobile App,0
TX_000625,CUST_0074,2026-04-09,24.75,Utilities,Branch,0
TX_000626,CUST_0109,2026-01-08,67.39,Utilities,Branch,0
TX_000627,CUST_0145,2026-01-17,22.45,Utilities,Mobile App,0
TX_000628,CUST_0018,2026-01-17,16.03,Dining Out,Mobile App,0
TX_000629,CUST_0042,2026-03-31,86.33,Utilities,ATM,0
TX_000630,CUST_0101,2026-05-21,33.55,Groceries,ATM,0
TX_000631,CUST_0045,2026-05-25,73.38,Utilities,ATM,0
TX_000632,CUST_0082,2026-03-22,47.43,Utilities,Branch,0
TX_000633,CUST_0017,2026-03-19,334.59,Utilities,Branch,0
TX_000634,CUST_0073,2026-01-06,14.96,Travel,Branch,0
TX_000635,CUST_0014,2026-04-20,51.98,Dining Out,Branch,0
TX_000636,CUST_0177,2026-01-14,93.27,Utilities,ATM,0
TX_000637,CUST_0157,2026-03-13,42.27,Dining Out,Branch,0
TX_000638,CUST_0132,2026-05-23,296.16,Groceries,Branch,0
TX_000639,CUST_0082,2026-02-23,104.38,Groceries,Branch,0
TX_000640,CUST_0148,2026-01-27,87.6,Utilities,Branch,0
TX_000641,CUST_0120,2026-01-13,115.2,Groceries,Mobile App,0
TX_000642,CUST_0120,2026-06-08,246.01,Dining Out,ATM,0
TX_000643,CUST_0047,2026-03-01,192.72,Travel,ATM,0
TX_000644,CUST_0107,2026-01-06,105.07,Utilities,Branch,0
TX_000645,CUST_0108,2026-02-27,112.64,Groceries,Mobile App,0
TX_000646,CUST_0009,2026-02-18,14.62,Dining Out,ATM,0
TX_000647,CUST_0079,2026-05-31,10.68,Dining Out,ATM,0
TX_000648,CUST_0155,2026-01-26,69.69,Groceries,Branch,0
TX_000649,CUST_0015,2026-02-16,3.48,Dining Out,Branch,0
TX_000650,CUST_0019,2026-01-05,54.68,Dining Out,ATM,0
TX_000651,CUST_0090,2026-01-20,20.89,Utilities,ATM,0
TX_000652,CUST_0180,2026-05-14,35.97,Dining Out,Mobile App,0
TX_000653,CUST_0026,2026-02-28,121.62,Groceries,ATM,0
TX_000654,CUST_0154,2026-05-26,228.74,Utilities,ATM,0
TX_000655,CUST_0154,2026-05-12,8.01,Groceries,Branch,0
TX_000656,CUST_0174,2026-01-17,63.13,Travel,ATM,0
TX_000657,CUST_0092,2026-01-14,173.33,Groceries,Branch,0
TX_000658,CUST_0177,2026-01-13,8.89,Groceries,ATM,0
TX_000659,CUST_0082,2026-05-15,141.22,Utilities,ATM,0
TX_000660,CUST_0181,2026-05-08,37.43,Dining Out,ATM,0
TX_000661,CUST_0131,2026-02-13,33.1,Groceries,Mobile App,0
TX_000662,CUST_0194,2026-04-29,305.42,Utilities,Branch,0
TX_000663,CUST_0042,2026-05-23,19.94,Travel,Mobile App,0
TX_000664,CUST_0019,2026-01-19,96.52,Utilities,ATM,0
TX_000665,CUST_0017,2026-03-04,139.83,Utilities,Mobile App,0
TX_000666,CUST_0161,2026-03-22,5.36,Dining Out,Branch,0
TX_000667,CUST_0076,2026-05-27,90.79,Groceries,ATM,0
TX_000668,CUST_0177,2026-05-28,244.18,Travel,Mobile App,0
TX_000669,CUST_0184,2026-04-10,12.61,Utilities,Mobile App,0
TX_000670,CUST_0063,2026-06-09,183.24,Groceries,Branch,0
TX_000671,CUST_0131,2026-05-02,74.27,Groceries,Mobile App,0
TX_000672,CUST_0107,2026-02-13,78.7,Utilities,Branch,0
TX_000673,CUST_0049,2026-04-14,77.93,Groceries,ATM,0
TX_000674,CUST_0055,2026-06-01,30.4,Utilities,ATM,0
TX_000675,CUST_0154,2026-03-02,220.92,Utilities,Mobile App,0
TX_000676,CUST_0099,2026-05-05,237.53,Utilities,ATM,0
TX_000677,CUST_0200,2026-05-25,80.53,Travel,ATM,0
TX_000678,CUST_0052,2026-03-12,124.38,Utilities,Mobile App,0
TX_000679,CUST_0100,2026-04-17,77.79,Dining Out,ATM,0
TX_000680,CUST_0117,2026-02-19,54.99,Groceries,Mobile App,0
TX_000681,CUST_0118,2026-03-06,88.5,Travel,Branch,0
TX_000682,CUST_0007,2026-04-09,66.42,Groceries,Branch,0
TX_000683,CUST_0046,2026-02-01,74.8,Travel,Branch,0
TX_000684,CUST_0046,2026-05-21,124.54,Dining Out,Mobile App,0
TX_000685,CUST_0100,2026-02-27,54.45,Travel,Mobile App,0
TX_000686,CUST_0144,2026-05-08,5.33,Travel,ATM,0
TX_000687,CUST_0152,2026-05-22,16.33,Travel,ATM,0
TX_000688,CUST_0189,2026-04-22,48.19,Groceries,ATM,0
TX_000689,CUST_0054,2026-03-09,105.23,Utilities,ATM,0
TX_000690,CUST_0062,2026-02-09,73.97,Groceries,ATM,0
TX_000691,CUST_0129,2026-05-24,86.05,Utilities,Mobile App,0
TX_000692,CUST_0049,2026-05-12,54.2,Groceries,Mobile App,0
TX_000693,CUST_0025,2026-03-31,78.52,Dining Out,Branch,0
TX_000694,CUST_0010,2026-01-28,33.92,Dining Out,Branch,0
TX_000695,CUST_0118,2026-04-06,52.82,Travel,Branch,0
TX_000696,CUST_0144,2026-01-31,111.09,Dining Out,Branch,0
TX_000697,CUST_0186,2026-01-03,166.35,Travel,Mobile App,0
TX_000698,CUST_0200,2026-05-16,47.48,Utilities,Mobile App,0
TX_000699,CUST_0157,2026-01-24,5.57,Dining Out,Mobile App,0
TX_000700,CUST_0092,2026-01-15,16.11,Utilities,ATM,0
TX_000701,CUST_0134,2026-06-08,3.69,Groceries,ATM,0
TX_000702,CUST_0144,2026-02-14,86.74,Utilities,Branch,0
TX_000703,CUST_0148,2026-01-08,34.32,Groceries,ATM,0
TX_000704,CUST_0080,2026-03-12,64.55,Utilities,Mobile App,0
TX_000705,CUST_0071,2026-04-18,56.38,Utilities,Branch,0
TX_000706,CUST_0078,2026-04-25,8.8,Dining Out,Branch,0
TX_000707,CUST_0043,2026-04-13,43.3,Utilities,ATM,0
TX_000708,CUST_0154,2026-05-05,21.93,Dining Out,Branch,0
TX_000709,CUST_0090,2026-02-26,45.36,Dining Out,ATM,0
TX_000710,CUST_0078,2026-01-30,20.21,Travel,ATM,0
TX_000711,CUST_0199,2026-05-26,148.83,Travel,Branch,0
TX_000712,CUST_0161,2026-04-24,17.31,Groceries,ATM,0
TX_000713,CUST_0026,2026-04-27,261.09,Utilities,ATM,0
TX_000714,CUST_0121,2026-03-01,45.02,Groceries,ATM,0
TX_000715,CUST_0045,2026-04-08,151.79,Utilities,ATM,0
TX_000716,CUST_0063,2026-05-06,81.27,Travel,Branch,0
TX_000717,CUST_0195,2026-05-31,108.35,Travel,Mobile App,0
TX_000718,CUST_0180,2026-04-04,118.79,Utilities,Mobile App,0
TX_000719,CUST_0068,2026-05-14,58.23,Utilities,ATM,0
TX_000720,CUST_0154,2026-05-02,64.7,Travel,ATM,0
TX_000721,CUST_0002,2026-04-18,59.72,Travel,ATM,0
TX_000722,CUST_0142,2026-01-04,72.95,Groceries,Mobile App,0
TX_000723,CUST_0108,2026-04-03,4.39,Travel,ATM,0
TX_000724,CUST_0030,2026-05-31,42.27,Utilities,Branch,0
TX_000725,CUST_0049,2026-01-06,76.55,Groceries,Branch,0
TX_000726,CUST_0140,2026-02-01,74.85,Utilities,Branch,0
TX_000727,CUST_0044,2026-04-16,127.99,Dining Out,Mobile App,0
TX_000728,CUST_0161,2026-05-26,87.14,Groceries,ATM,0
TX_000729,CUST_0013,2026-01-15,389.61,Utilities,ATM,0
TX_000730,CUST_0078,2026-05-02,28.71,Travel,ATM,0
TX_000731,CUST_0126,2026-04-06,37.6,Dining Out,Mobile App,0
TX_000732,CUST_0098,2026-01-06,40.74,Utilities,Mobile App,0
TX_000733,CUST_0026,2026-04-22,52.16,Groceries,Mobile App,0
TX_000734,CUST_0149,2026-04-30,146.63,Utilities,Mobile App,0
TX_000735,CUST_0156,2026-05-03,23.51,Dining Out,Branch,0
TX_000736,CUST_0048,2026-03-08,121.69,Groceries,Mobile App,0
TX_000737,CUST_0168,2026-04-16,43.58,Dining Out,Mobile App,0
TX_000738,CUST_0066,2026-05-19,75.68,Utilities,Mobile App,0
TX_000739,CUST_0087,2026-02-12,82.09,Travel,ATM,0
TX_000740,CUST_0079,2026-05-25,39.33,Travel,ATM,0
TX_000741,CUST_0023,2026-04-06,59.5,Utilities,ATM,0
TX_000742,CUST_0081,2026-05-12,44.62,Utilities,Branch,0
TX_000743,CUST_0048,2026-03-22,7.73,Utilities,Branch,0
TX_000744,CUST_0124,2026-02-10,47.98,Groceries,Mobile App,0
TX_000745,CUST_0130,2026-05-13,10.2,Dining Out,ATM,0
TX_000746,CUST_0084,2026-06-09,43.54,Dining Out,Branch,0
TX_000747,CUST_0020,2026-02-04,73.9,Dining Out,ATM,0
TX_000748,CUST_0187,2026-01-22,71.29,Utilities,Branch,0
TX_000749,CUST_0046,2026-05-30,88.92,Dining Out,Branch,0
TX_000750,CUST_0131,2026-04-22,10.01,Utilities,Mobile App,0
TX_000751,CUST_0183,2026-01-11,86.47,Groceries,Mobile App,0
TX_000752,CUST_0012,2026-01-03,31.93,Travel,Branch,0
TX_000753,CUST_0040,2026-05-17,42.74,Utilities,Mobile App,0
TX_000754,CUST_0066,2026-03-01,158.15,Utilities,Branch,0
TX_000755,CUST_0100,2026-03-17,2.73,Travel,Branch,0
TX_000756,CUST_0078,2026-03-28,73.02,Travel,ATM,0
TX_000757,CUST_0016,2026-01-14,75.05,Groceries,Mobile App,0
TX_000758,CUST_0083,2026-01-18,42.42,Dining Out,Mobile App,0
TX_000759,CUST_0162,2026-04-23,23.64,Utilities,Mobile App,0
TX_000760,CUST_0044,2026-03-14,23.4,Dining Out,ATM,0
TX_000761,CUST_0134,2026-01-23,174.13,Utilities,ATM,0
TX_000762,CUST_0192,2026-03-24,48.68,Groceries,ATM,0
TX_000763,CUST_0100,2026-05-05,34.14,Travel,Mobile App,0
TX_000764,CUST_0022,2026-03-10,49.65,Groceries,Mobile App,0
TX_000765,CUST_0018,2026-02-16,90.55,Travel,Mobile App,0
TX_000766,CUST_0012,2026-04-26,14.6,Dining Out,ATM,0
TX_000767,CUST_0180,2026-01-30,49.74,Dining Out,ATM,0
TX_000768,CUST_0123,2026-01-25,72.92,Groceries,Branch,0
TX_000769,CUST_0117,2026-06-05,239.42,Travel,ATM,0
TX_000770,CUST_0051,2026-04-22,25.28,Groceries,Branch,0
TX_000771,CUST_0071,2026-01-25,37.61,Travel,Mobile App,0
TX_000772,CUST_0048,2026-03-15,40.16,Travel,ATM,0
TX_000773,CUST_0019,2026-02-27,76.42,Dining Out,Mobile App,0
TX_000774,CUST_0006,2026-04-04,11115.97,Dining Out,Mobile App,1
TX_000775,CUST_0084,2026-04-29,63.0,Travel,Mobile App,0
TX_000776,CUST_0155,2026-05-07,123.78,Travel,Mobile App,0
TX_000777,CUST_0053,2026-01-25,99.77,Travel,ATM,0
TX_000778,CUST_0107,2026-03-19,49.3,Dining Out,Mobile App,0
TX_000779,CUST_0101,2026-04-09,161.74,Dining Out,Branch,0
TX_000780,CUST_0048,2026-04-26,67.34,Utilities,ATM,0
TX_000781,CUST_0135,2026-02-17,64.11,Travel,Mobile App,0
TX_000782,CUST_0187,2026-01-10,4.78,Utilities,ATM,0
TX_000783,CUST_0069,2026-04-09,347.56,Travel,Branch,0
TX_000784,CUST_0011,2026-01-11,12.5,Dining Out,Mobile App,0
TX_000785,CUST_0143,2026-03-26,23.03,Utilities,Branch,0
TX_000786,CUST_0192,2026-05-29,6.25,Utilities,Mobile App,0
TX_000787,CUST_0131,2026-05-15,83.73,Groceries,Branch,0
TX_000788,CUST_0122,2026-05-06,22.36,Travel,Mobile App,0
TX_000789,CUST_0069,2026-03-05,17.88,Dining Out,ATM,0
TX_000790,CUST_0023,2026-01-02,9.42,Groceries,Mobile App,0
TX_000791,CUST_0181,2026-03-17,10.72,Groceries,ATM,0
TX_000792,CUST_0037,2026-05-01,72.29,Travel,Mobile App,0
TX_000793,CUST_0009,2026-02-11,95.23,Groceries,Mobile App,0
TX_000794,CUST_0015,2026-02-23,42.52,Travel,Branch,0
TX_000795,CUST_0131,2026-03-16,7061.65,Groceries,Branch,1
TX_000796,CUST_0093,2026-01-16,94.66,Travel,Branch,0
TX_000797,CUST_0198,2026-01-18,3.4,Dining Out,Mobile App,0
TX_000798,CUST_0017,2026-03-31,33.22,Travel,Mobile App,0
TX_000799,CUST_0154,2026-05-24,291.24,Travel,Mobile App,0
TX_000800,CUST_0149,2026-01-06,71.42,Utilities,ATM,0
TX_000801,CUST_0072,2026-04-18,25.47,Dining Out,ATM,0
TX_000802,CUST_0149,2026-02-17,61.01,Dining Out,Mobile App,0
TX_000803,CUST_0121,2026-02-11,35.56,Dining Out,Branch,0
TX_000804,CUST_0011,2026-03-17,62.78,Groceries,Branch,0
TX_000805,CUST_0166,2026-03-18,12.75,Utilities,Branch,0
TX_000806,CUST_0072,2026-05-12,13.39,Dining Out,Mobile App,0
TX_000807,CUST_0106,2026-05-10,14.4,Groceries,Branch,0
TX_000808,CUST_0125,2026-02-28,226.83,Groceries,Mobile App,0
TX_000809,CUST_0035,2026-06-04,107.61,Groceries,ATM,0
TX_000810,CUST_0119,2026-01-27,16.18,Utilities,Branch,0
TX_000811,CUST_0014,2026-03-20,18.69,Groceries,ATM,0
TX_000812,CUST_0014,2026-03-13,106.99,Utilities,Branch,0
TX_000813,CUST_0010,2026-01-07,15.58,Travel,Mobile App,0
TX_000814,CUST_0140,2026-04-21,23.38,Groceries,Mobile App,0
TX_000815,CUST_0038,2026-04-29,266.5,Dining Out,Mobile App,0
TX_000816,CUST_0108,2026-03-04,25.58,Groceries,Mobile App,0
TX_000817,CUST_0119,2026-05-04,88.69,Travel,Branch,0
TX_000818,CUST_0034,2026-01-12,309.67,Travel,ATM,0
TX_000819,CUST_0169,2026-05-21,39.51,Groceries,Mobile App,0
TX_000820,CUST_0010,2026-02-12,3.41,Travel,Branch,0
TX_000821,CUST_0122,2026-01-17,24.39,Utilities,ATM,0
TX_000822,CUST_0145,2026-03-04,144.17,Utilities,Mobile App,0
TX_000823,CUST_0145,2026-04-30,161.97,Groceries,ATM,0
TX_000824,CUST_0195,2026-02-05,119.06,Utilities,Mobile App,0
TX_000825,CUST_0190,2026-01-08,11.6,Utilities,ATM,0
TX_000826,CUST_0115,2026-03-10,128.98,Dining Out,ATM,0
TX_000827,CUST_0001,2026-03-31,202.75,Groceries,Mobile App,0
TX_000828,CUST_0012,2026-02-05,75.43,Travel,Branch,0
TX_000829,CUST_0103,2026-01-28,228.25,Groceries,ATM,0
TX_000830,CUST_0004,2026-04-28,142.28,Utilities,Mobile App,0
TX_000831,CUST_0170,2026-04-03,89.96,Dining Out,ATM,0
TX_000832,CUST_0141,2026-03-17,70.87,Groceries,ATM,0
TX_000833,CUST_0098,2026-04-11,36.29,Groceries,Branch,0
TX_000834,CUST_0106,2026-06-07,15.88,Utilities,ATM,0
TX_000835,CUST_0085,2026-05-31,76.3,Utilities,ATM,0
TX_000836,CUST_0121,2026-05-24,32.63,Groceries,Mobile App,0
TX_000837,CUST_0132,2026-01-14,163.06,Utilities,Mobile App,0
TX_000838,CUST_0082,2026-03-12,402.89,Utilities,Branch,0
TX_000839,CUST_0197,2026-05-04,113.68,Utilities,ATM,0
TX_000840,CUST_0019,2026-05-05,9.59,Utilities,ATM,0
TX_000841,CUST_0130,2026-02-06,29.25,Utilities,ATM,0
TX_000842,CUST_0012,2026-01-29,11.24,Dining Out,Branch,0
TX_000843,CUST_0081,2026-05-23,86.1,Utilities,ATM,0
TX_000844,CUST_0074,2026-01-19,10124.02,Travel,Mobile App,1
TX_000845,CUST_0098,2026-04-16,209.94,Groceries,Branch,0
TX_000846,CUST_0006,2026-01-21,48.12,Dining Out,Mobile App,0
TX_000847,CUST_0136,2026-03-05,187.31,Dining Out,Mobile App,0
TX_000848,CUST_0125,2026-01-27,170.23,Utilities,Branch,0
TX_000849,CUST_0051,2026-02-24,32.52,Groceries,Mobile App,0
TX_000850,CUST_0011,2026-01-29,164.54,Travel,ATM,0
TX_000851,CUST_0191,2026-05-28,39.69,Utilities,Branch,0
TX_000852,CUST_0185,2026-01-25,30.18,Groceries,Mobile App,0
TX_000853,CUST_0127,2026-03-11,85.77,Utilities,ATM,0
TX_000854,CUST_0140,2026-03-04,33.85,Utilities,ATM,0
TX_000855,CUST_0073,2026-05-10,81.59,Utilities,Mobile App,0
TX_000856,CUST_0002,2026-05-30,77.29,Utilities,ATM,0
TX_000857,CUST_0008,2026-01-16,7196.79,Utilities,Branch,1
TX_000858,CUST_0139,2026-05-26,40.3,Utilities,Mobile App,0
TX_000859,CUST_0124,2026-04-10,65.61,Utilities,ATM,0
TX_000860,CUST_0053,2026-01-30,74.6,Travel,ATM,0
TX_000861,CUST_0010,2026-02-14,65.12,Dining Out,Mobile App,0
TX_000862,CUST_0112,2026-01-19,49.02,Travel,Mobile App,0
TX_000863,CUST_0008,2026-02-03,3.18,Utilities,Mobile App,0
TX_000864,CUST_0036,2026-05-21,72.76,Utilities,Mobile App,0
TX_000865,CUST_0106,2026-03-03,16.76,Travel,Branch,0
TX_000866,CUST_0014,2026-04-28,84.31,Travel,Mobile App,0
TX_000867,CUST_0182,2026-04-10,115.95,Dining Out,Branch,0
TX_000868,CUST_0086,2026-01-22,57.52,Travel,Branch,0
TX_000869,CUST_0149,2026-04-21,64.53,Dining Out,Mobile App,0
TX_000870,CUST_0050,2026-03-14,244.06,Utilities,Branch,0
TX_000871,CUST_0167,2026-05-27,152.27,Groceries,Mobile App,0
TX_000872,CUST_0020,2026-02-07,198.49,Groceries,Mobile App,0
TX_000873,CUST_0087,2026-03-11,136.46,Groceries,ATM,0
TX_000874,CUST_0135,2026-04-26,11.23,Groceries,Mobile App,0
TX_000875,CUST_0137,2026-03-20,14.91,Utilities,ATM,0
TX_000876,CUST_0129,2026-05-28,61.83,Groceries,Branch,0
TX_000877,CUST_0154,2026-01-09,24.6,Travel,ATM,0
TX_000878,CUST_0166,2026-02-01,53.81,Travel,Branch,0
TX_000879,CUST_0038,2026-05-12,42.12,Groceries,Mobile App,0
TX_000880,CUST_0189,2026-02-19,65.78,Travel,Branch,0
TX_000881,CUST_0044,2026-03-23,111.91,Dining Out,Branch,0
TX_000882,CUST_0086,2026-01-05,102.56,Utilities,Mobile App,0
TX_000883,CUST_0044,2026-05-28,60.92,Groceries,Branch,0
TX_000884,CUST_0074,2026-03-28,140.25,Groceries,Mobile App,0
TX_000885,CUST_0119,2026-05-06,47.09,Utilities,ATM,0
TX_000886,CUST_0190,2026-03-16,183.62,Travel,Mobile App,0
TX_000887,CUST_0122,2026-01-22,7.92,Utilities,Mobile App,0
TX_000888,CUST_0134,2026-03-09,249.49,Utilities,Branch,0
TX_000889,CUST_0145,2026-02-13,87.07,Travel,ATM,0
TX_000890,CUST_0051,2026-02-03,40.25,Utilities,Mobile App,0
TX_000891,CUST_0038,2026-03-18,19.57,Travel,ATM,0
TX_000892,CUST_0152,2026-02-11,54.19,Travel,ATM,0
TX_000893,CUST_0051,2026-05-17,19.31,Utilities,Branch,0
TX_000894,CUST_0010,2026-04-16,16.55,Dining Out,Mobile App,0
TX_000895,CUST_0120,2026-04-05,78.85,Travel,Branch,0
TX_000896,CUST_0200,2026-05-15,61.23,Utilities,Mobile App,0
TX_000897,CUST_0149,2026-03-09,90.72,Travel,ATM,0
TX_000898,CUST_0070,2026-05-27,214.29,Dining Out,Mobile App,0
TX_000899,CUST_0085,2026-06-08,62.79,Dining Out,Mobile App,0
TX_000900,CUST_0057,2026-05-08,71.58,Groceries,ATM,0
TX_000901,CUST_0126,2026-03-26,9.51,Travel,ATM,0
TX_000902,CUST_0039,2026-06-08,103.16,Travel,Mobile App,0
TX_000903,CUST_0033,2026-03-24,42.85,Utilities,Branch,0
TX_000904,CUST_0187,2026-04-05,302.83,Travel,Mobile App,0
TX_000905,CUST_0018,2026-02-01,140.61,Groceries,ATM,0
TX_000906,CUST_0184,2026-03-07,61.13,Dining Out,Branch,0
TX_000907,CUST_0057,2026-04-26,12.52,Dining Out,ATM,0
TX_000908,CUST_0096,2026-05-18,158.96,Groceries,ATM,0
TX_000909,CUST_0048,2026-05-10,130.67,Travel,Branch,0
TX_000910,CUST_0042,2026-03-01,18.32,Travel,ATM,0
TX_000911,CUST_0027,2026-01-17,30.0,Groceries,ATM,0
TX_000912,CUST_0074,2026-04-06,128.16,Utilities,ATM,0
TX_000913,CUST_0110,2026-05-24,18.39,Dining Out,ATM,0
TX_000914,CUST_0180,2026-01-16,201.84,Groceries,ATM,0
TX_000915,CUST_0170,2026-02-15,46.21,Groceries,ATM,0
TX_000916,CUST_0032,2026-06-08,9.28,Travel,ATM,0
TX_000917,CUST_0026,2026-04-17,137.32,Dining Out,ATM,0
TX_000918,CUST_0025,2026-03-29,39.41,Travel,ATM,0
TX_000919,CUST_0075,2026-05-09,61.81,Groceries,Mobile App,0
TX_000920,CUST_0023,2026-05-19,11.53,Utilities,Mobile App,0
TX_000921,CUST_0057,2026-04-29,2.21,Dining Out,ATM,0
TX_000922,CUST_0180,2026-03-26,83.29,Groceries,Mobile App,0
TX_000923,CUST_0126,2026-01-04,59.92,Groceries,Branch,0
TX_000924,CUST_0087,2026-03-12,74.02,Utilities,Mobile App,0
TX_000925,CUST_0031,2026-06-03,128.29,Groceries,ATM,0
TX_000926,CUST_0064,2026-04-21,85.21,Groceries,ATM,0
TX_000927,CUST_0199,2026-02-19,17.37,Dining Out,Mobile App,0
TX_000928,CUST_0033,2026-05-20,37.8,Dining Out,ATM,0
TX_000929,CUST_0002,2026-04-05,191.06,Dining Out,Branch,0
TX_000930,CUST_0018,2026-04-02,119.55,Travel,Branch,0
TX_000931,CUST_0175,2026-03-06,67.07,Utilities,ATM,0
TX_000932,CUST_0161,2026-02-16,25.62,Dining Out,Branch,0
TX_000933,CUST_0084,2026-04-16,30.77,Travel,Branch,0
TX_000934,CUST_0035,2026-05-10,107.33,Travel,Mobile App,0
TX_000935,CUST_0179,2026-04-16,154.4,Utilities,Branch,0
TX_000936,CUST_0114,2026-01-24,91.04,Utilities,Mobile App,0
TX_000937,CUST_0146,2026-01-04,134.66,Groceries,ATM,0
TX_000938,CUST_0110,2026-04-18,118.42,Travel,Mobile App,0
TX_000939,CUST_0088,2026-01-19,14.97,Dining Out,ATM,0
TX_000940,CUST_0072,2026-06-03,46.12,Utilities,ATM,0
TX_000941,CUST_0125,2026-02-09,15.28,Travel,ATM,0
TX_000942,CUST_0030,2026-02-19,23.45,Dining Out,ATM,0
TX_000943,CUST_0172,2026-03-16,164.76,Travel,ATM,0
TX_000944,CUST_0053,2026-01-12,53.23,Utilities,Mobile App,0
TX_000945,CUST_0138,2026-01-27,63.32,Groceries,ATM,0
TX_000946,CUST_0087,2026-04-23,17.72,Travel,Branch,0
TX_000947,CUST_0180,2026-02-18,31.95,Dining Out,Branch,0
TX_000948,CUST_0177,2026-05-24,22.93,Utilities,ATM,0
TX_000949,CUST_0139,2026-05-10,20.47,Groceries,Branch,0
TX_000950,CUST_0194,2026-03-01,83.28,Dining Out,Mobile App,0
TX_000951,CUST_0186,2026-01-30,25.75,Dining Out,Mobile App,0
TX_000952,CUST_0164,2026-03-25,81.98,Dining Out,ATM,0
TX_000953,CUST_0161,2026-01-28,6.82,Travel,ATM,0
TX_000954,CUST_0175,2026-01-25,14.23,Utilities,ATM,0
TX_000955,CUST_0013,2026-04-06,27.68,Dining Out,Branch,0
TX_000956,CUST_0040,2026-05-05,74.71,Travel,Branch,0
TX_000957,CUST_0089,2026-01-10,92.12,Utilities,Mobile App,0
TX_000958,CUST_0068,2026-02-11,48.77,Utilities,Branch,0
TX_000959,CUST_0042,2026-02-09,49.22,Travel,Mobile App,0
TX_000960,CUST_0147,2026-03-18,105.14,Travel,Branch,0
TX_000961,CUST_0094,2026-04-15,3.28,Dining Out,Mobile App,0
TX_000962,CUST_0019,2026-04-28,35.37,Utilities,ATM,0
TX_000963,CUST_0186,2026-02-11,138.61,Groceries,Branch,0
TX_000964,CUST_0023,2026-02-16,75.95,Travel,Mobile App,0
TX_000965,CUST_0054,2026-01-22,34.91,Utilities,Branch,0
TX_000966,CUST_0065,2026-04-17,190.75,Utilities,ATM,0
TX_000967,CUST_0140,2026-01-27,120.49,Dining Out,Mobile App,0
TX_000968,CUST_0024,2026-02-10,26.62,Groceries,Branch,0
TX_000969,CUST_0034,2026-03-21,84.92,Dining Out,Branch,0
TX_000970,CUST_0053,2026-06-09,74.46,Groceries,ATM,0
TX_000971,CUST_0136,2026-03-30,43.02,Groceries,ATM,0
TX_000972,CUST_0018,2026-03-07,38.58,Travel,Mobile App,0
TX_000973,CUST_0057,2026-01-12,35.67,Utilities,Branch,0
TX_000974,CUST_0112,2026-03-14,78.81,Utilities,Branch,0
TX_000975,CUST_0005,2026-03-17,8655.84,Utilities,ATM,1
TX_000976,CUST_0154,2026-03-31,144.64,Groceries,ATM,0
TX_000977,CUST_0158,2026-01-10,90.6,Utilities,Mobile App,0
TX_000978,CUST_0182,2026-04-06,7.8,Travel,Branch,0
TX_000979,CUST_0013,2026-01-20,83.77,Groceries,Branch,0
TX_000980,CUST_0083,2026-02-08,27.3,Groceries,Mobile App,0
TX_000981,CUST_0029,2026-03-01,73.88,Groceries,Mobile App,0
TX_000982,CUST_0003,2026-03-07,93.19,Groceries,ATM,0
TX_000983,CUST_0090,2026-03-06,23.0,Travel,ATM,0
TX_000984,CUST_0104,2026-05-04,50.83,Utilities,Mobile App,0
TX_000985,CUST_0123,2026-06-01,18.89,Travel,Mobile App,0
TX_000986,CUST_0186,2026-06-04,6.3,Utilities,Branch,0
TX_000987,CUST_0076,2026-05-10,40.05,Travel,Mobile App,0
TX_000988,CUST_0130,2026-06-08,38.07,Dining Out,Mobile App,0
TX_000989,CUST_0108,2026-02-26,433.95,Dining Out,Branch,0
TX_000990,CUST_0156,2026-03-19,49.3,Dining Out,Mobile App,0
TX_000991,CUST_0082,2026-01-29,34.47,Dining Out,ATM,0
TX_000992,CUST_0077,2026-01-15,71.49,Groceries,ATM,0
TX_000993,CUST_0002,2026-01-12,9.44,Groceries,Branch,0
TX_000994,CUST_0127,2026-04-11,262.91,Travel,Mobile App,0
TX_000995,CUST_0135,2026-06-05,82.62,Travel,ATM,0
TX_000996,CUST_0026,2026-03-25,114.47,Dining Out,ATM,0
TX_000997,CUST_0088,2026-05-05,16.95,Utilities,ATM,0
TX_000998,CUST_0016,2026-04-13,44.14,Dining Out,ATM,0
TX_000999,CUST_0151,2026-01-24,45.95,Travel,Mobile App,0
TX_001000,CUST_0168,2026-05-29,139.99,Dining Out,Mobile App,0
TX_001001,CUST_0188,2026-05-18,2.1,Travel,Mobile App,0
TX_001002,CUST_0073,2026-04-20,30.63,Dining Out,Mobile App,0
TX_001003,CUST_0032,2026-03-19,320.07,Utilities,ATM,0
TX_001004,CUST_0015,2026-04-11,53.53,Dining Out,Branch,0
TX_001005,CUST_0141,2026-05-26,40.57,Utilities,Branch,0
TX_001006,CUST_0005,2026-05-22,12.21,Utilities,ATM,0
TX_001007,CUST_0074,2026-05-08,294.48,Travel,ATM,0
TX_001008,CUST_0052,2026-02-27,3.62,Utilities,Branch,0
TX_001009,CUST_0077,2026-03-17,108.9,Groceries,Branch,0
TX_001010,CUST_0169,2026-05-30,119.09,Groceries,ATM,0
TX_001011,CUST_0181,2026-02-05,24.34,Groceries,ATM,0
TX_001012,CUST_0110,2026-01-22,91.07,Travel,Mobile App,0
TX_001013,CUST_0178,2026-05-07,9.8,Groceries,Mobile App,0
TX_001014,CUST_0143,2026-03-21,25.77,Travel,Branch,0
TX_001015,CUST_0106,2026-04-10,126.06,Travel,ATM,0
TX_001016,CUST_0127,2026-04-06,162.01,Groceries,Branch,0
TX_001017,CUST_0007,2026-05-28,77.02,Utilities,Mobile App,0
TX_001018,CUST_0040,2026-01-18,58.55,Dining Out,Mobile App,0
TX_001019,CUST_0156,2026-02-07,15.88,Travel,Branch,0
TX_001020,CUST_0160,2026-05-31,7.22,Groceries,Mobile App,0
TX_001021,CUST_0099,2026-04-19,12.01,Travel,ATM,0
TX_001022,CUST_0143,2026-05-03,22.64,Utilities,Branch,0
TX_001023,CUST_0085,2026-05-24,35.44,Utilities,ATM,0
TX_001024,CUST_0198,2026-05-29,40.36,Groceries,ATM,0
TX_001025,CUST_0065,2026-04-14,36.01,Travel,Mobile App,0
TX_001026,CUST_0132,2026-05-20,23.86,Dining Out,ATM,0
TX_001027,CUST_0011,2026-05-24,59.02,Dining Out,Branch,0
TX_001028,CUST_0108,2026-03-22,141.57,Travel,ATM,0
TX_001029,CUST_0026,2026-03-28,28.25,Travel,ATM,0
TX_001030,CUST_0189,2026-05-22,230.32,Travel,ATM,0
TX_001031,CUST_0165,2026-03-02,167.3,Groceries,ATM,0
TX_001032,CUST_0151,2026-02-15,16.12,Utilities,ATM,0
TX_001033,CUST_0085,2026-02-01,125.45,Dining Out,Mobile App,0
TX_001034,CUST_0168,2026-01-15,70.38,Groceries,Branch,0
TX_001035,CUST_0151,2026-02-13,68.88,Travel,Mobile App,0
TX_001036,CUST_0123,2026-05-25,41.68,Travel,Branch,0
TX_001037,CUST_0144,2026-02-23,57.64,Utilities,Branch,0
TX_001038,CUST_0189,2026-02-13,42.49,Travel,Branch,0
TX_001039,CUST_0068,2026-04-08,64.08,Groceries,Branch,0
TX_001040,CUST_0104,2026-01-05,81.1,Groceries,Branch,0
TX_001041,CUST_0080,2026-04-19,91.74,Utilities,ATM,0
TX_001042,CUST_0159,2026-01-27,62.83,Groceries,Mobile App,0
TX_001043,CUST_0053,2026-04-26,104.24,Dining Out,Mobile App,0
TX_001044,CUST_0106,2026-03-28,14.18,Groceries,ATM,0
TX_001045,CUST_0153,2026-04-14,21.06,Groceries,Branch,0
TX_001046,CUST_0044,2026-05-03,138.62,Groceries,Mobile App,0
TX_001047,CUST_0140,2026-03-20,33.15,Dining Out,ATM,0
TX_001048,CUST_0090,2026-02-12,3.85,Travel,ATM,0
TX_001049,CUST_0101,2026-04-07,15.36,Groceries,Mobile App,0
TX_001050,CUST_0097,2026-01-31,22.25,Utilities,Mobile App,0
TX_001051,CUST_0009,2026-04-09,254.33,Dining Out,Branch,0
TX_001052,CUST_0012,2026-01-17,70.09,Utilities,Branch,0
TX_001053,CUST_0069,2026-03-24,217.92,Groceries,Mobile App,0
TX_001054,CUST_0182,2026-04-20,70.48,Utilities,Branch,0
TX_001055,CUST_0182,2026-02-01,54.21,Groceries,ATM,0
TX_001056,CUST_0028,2026-05-21,32.12,Dining Out,Branch,0
TX_001057,CUST_0056,2026-02-04,76.59,Utilities,Branch,0
TX_001058,CUST_0099,2026-05-13,7365.85,Utilities,ATM,1
TX_001059,CUST_0197,2026-01-29,184.83,Groceries,Branch,0
TX_001060,CUST_0110,2026-03-11,143.44,Groceries,ATM,0
TX_001061,CUST_0077,2026-06-02,32.56,Travel,Branch,0
TX_001062,CUST_0103,2026-04-05,246.26,Groceries,Mobile App,0
TX_001063,CUST_0106,2026-01-22,141.53,Groceries,Branch,0
TX_001064,CUST_0109,2026-03-10,89.8,Travel,Mobile App,0
TX_001065,CUST_0112,2026-03-30,12.39,Groceries,Mobile App,0
TX_001066,CUST_0058,2026-03-13,54.04,Groceries,Mobile App,0
TX_001067,CUST_0078,2026-05-09,58.44,Travel,Mobile App,0
TX_001068,CUST_0075,2026-03-28,23.17,Dining Out,Mobile App,0
TX_001069,CUST_0042,2026-04-06,8.67,Dining Out,ATM,0
TX_001070,CUST_0166,2026-03-16,121.95,Groceries,ATM,0
TX_001071,CUST_0068,2026-02-23,12.41,Groceries,ATM,0
TX_001072,CUST_0181,2026-03-29,74.17,Travel,Mobile App,0
TX_001073,CUST_0033,2026-06-06,222.47,Travel,Branch,0
TX_001074,CUST_0071,2026-02-23,169.07,Dining Out,ATM,0
TX_001075,CUST_0056,2026-01-16,28.03,Utilities,Branch,0
TX_001076,CUST_0105,2026-04-09,154.55,Groceries,Branch,0
TX_001077,CUST_0200,2026-01-20,2.03,Utilities,Mobile App,0
TX_001078,CUST_0101,2026-02-15,3.43,Utilities,Mobile App,0
TX_001079,CUST_0051,2026-05-07,75.82,Travel,Mobile App,0
TX_001080,CUST_0074,2026-02-27,38.31,Groceries,ATM,0
TX_001081,CUST_0171,2026-04-21,41.08,Groceries,Mobile App,0
TX_001082,CUST_0121,2026-05-09,68.49,Travel,ATM,0
TX_001083,CUST_0143,2026-03-22,19.03,Utilities,ATM,0
TX_001084,CUST_0166,2026-06-06,21.04,Travel,ATM,0
TX_001085,CUST_0143,2026-03-25,55.03,Dining Out,ATM,0
TX_001086,CUST_0005,2026-03-11,114.28,Groceries,Mobile App,0
TX_001087,CUST_0083,2026-01-08,79.3,Dining Out,ATM,0
TX_001088,CUST_0182,2026-01-29,30.23,Travel,Mobile App,0
TX_001089,CUST_0051,2026-04-22,47.02,Groceries,Mobile App,0
TX_001090,CUST_0010,2026-05-11,16.97,Dining Out,ATM,0
TX_001091,CUST_0140,2026-04-18,8.2,Dining Out,Mobile App,0
TX_001092,CUST_0004,2026-04-19,124.12,Utilities,Branch,0
TX_001093,CUST_0095,2026-01-20,26.67,Groceries,Mobile App,0
TX_001094,CUST_0146,2026-03-14,17.66,Dining Out,Mobile App,0
TX_001095,CUST_0080,2026-01-04,96.11,Dining Out,ATM,0
TX_001096,CUST_0036,2026-01-19,79.0,Utilities,ATM,0
TX_001097,CUST_0025,2026-04-12,82.23,Dining Out,Mobile App,0
TX_001098,CUST_0098,2026-05-21,22.79,Dining Out,ATM,0
TX_001099,CUST_0164,2026-05-21,23.18,Dining Out,Branch,0
TX_001100,CUST_0101,2026-03-27,21.96,Utilities,Branch,0
TX_001101,CUST_0195,2026-02-21,17.27,Dining Out,ATM,0
TX_001102,CUST_0009,2026-04-21,87.3,Dining Out,Mobile App,0
TX_001103,CUST_0061,2026-04-19,152.72,Groceries,Branch,0
TX_001104,CUST_0053,2026-03-27,105.08,Groceries,Branch,0
TX_001105,CUST_0146,2026-02-12,127.65,Utilities,Mobile App,0
TX_001106,CUST_0171,2026-02-11,10392.5,Travel,ATM,1
TX_001107,CUST_0163,2026-03-31,86.92,Groceries,Branch,0
TX_001108,CUST_0063,2026-04-25,36.99,Utilities,Mobile App,0
TX_001109,CUST_0121,2026-01-26,61.64,Dining Out,Mobile App,0
TX_001110,CUST_0105,2026-05-31,54.57,Dining Out,Branch,0
TX_001111,CUST_0004,2026-02-12,17.57,Utilities,ATM,0
TX_001112,CUST_0093,2026-03-18,41.16,Dining Out,Branch,0
TX_001113,CUST_0169,2026-06-05,267.54,Dining Out,Mobile App,0
TX_001114,CUST_0173,2026-05-17,24.86,Travel,Branch,0
TX_001115,CUST_0178,2026-01-20,13.49,Dining Out,ATM,0
TX_001116,CUST_0028,2026-02-08,45.38,Groceries,Mobile App,0
TX_001117,CUST_0170,2026-01-12,126.98,Dining Out,ATM,0
TX_001118,CUST_0080,2026-01-11,71.81,Utilities,Branch,0
TX_001119,CUST_0076,2026-06-03,93.4,Travel,Branch,0
TX_001120,CUST_0116,2026-02-11,18.83,Dining Out,ATM,0
TX_001121,CUST_0069,2026-06-04,79.19,Utilities,Branch,0
TX_001122,CUST_0098,2026-01-11,33.27,Groceries,ATM,0
TX_001123,CUST_0001,2026-02-07,145.81,Dining Out,Branch,0
TX_001124,CUST_0167,2026-04-08,81.39,Travel,ATM,0
TX_001125,CUST_0096,2026-01-19,19.74,Dining Out,ATM,0
TX_001126,CUST_0017,2026-05-14,7.34,Utilities,Mobile App,0
TX_001127,CUST_0112,2026-04-26,5.49,Travel,Mobile App,0
TX_001128,CUST_0091,2026-04-23,39.14,Dining Out,ATM,0
TX_001129,CUST_0088,2026-03-06,26.72,Groceries,Branch,0
TX_001130,CUST_0163,2026-04-09,85.1,Travel,Branch,0
TX_001131,CUST_0174,2026-03-13,57.35,Groceries,Branch,0
TX_001132,CUST_0170,2026-02-21,26.74,Utilities,ATM,0
TX_001133,CUST_0167,2026-04-28,14.93,Dining Out,ATM,0
TX_001134,CUST_0090,2026-04-30,12.88,Groceries,ATM,0
TX_001135,CUST_0049,2026-01-07,162.0,Utilities,ATM,0
TX_001136,CUST_0190,2026-01-11,24.32,Dining Out,Mobile App,0
TX_001137,CUST_0038,2026-04-13,86.38,Utilities,ATM,0
TX_001138,CUST_0151,2026-03-02,135.15,Groceries,Branch,0
TX_001139,CUST_0150,2026-03-09,78.17,Utilities,Mobile App,0
TX_001140,CUST_0132,2026-06-02,159.04,Travel,Branch,0
TX_001141,CUST_0177,2026-05-20,41.86,Dining Out,ATM,0
TX_001142,CUST_0059,2026-06-03,252.29,Utilities,Mobile App,0
TX_001143,CUST_0068,2026-04-12,13.43,Groceries,ATM,0
TX_001144,CUST_0199,2026-04-20,10.62,Dining Out,Mobile App,0
TX_001145,CUST_0130,2026-05-20,88.0,Travel,Branch,0
TX_001146,CUST_0049,2026-02-20,230.94,Dining Out,ATM,0
TX_001147,CUST_0126,2026-04-27,134.39,Travel,ATM,0
TX_001148,CUST_0159,2026-02-15,8.36,Dining Out,Mobile App,0
TX_001149,CUST_0111,2026-02-22,28.21,Utilities,Mobile App,0
TX_001150,CUST_0168,2026-03-29,215.11,Utilities,ATM,0
TX_001151,CUST_0048,2026-05-01,25.34,Groceries,Mobile App,0
TX_001152,CUST_0051,2026-01-13,123.56,Travel,ATM,0
TX_001153,CUST_0043,2026-03-30,141.5,Groceries,Mobile App,0
TX_001154,CUST_0098,2026-05-05,56.73,Utilities,Branch,0
TX_001155,CUST_0183,2026-04-28,41.07,Travel,Mobile App,0
TX_001156,CUST_0177,2026-02-23,49.85,Groceries,Branch,0
TX_001157,CUST_0124,2026-04-26,22.59,Groceries,Mobile App,0
TX_001158,CUST_0080,2026-04-28,178.14,Groceries,Mobile App,0
TX_001159,CUST_0185,2026-01-04,49.92,Groceries,ATM,0
TX_001160,CUST_0111,2026-03-16,173.28,Groceries,Mobile App,0
TX_001161,CUST_0143,2026-02-18,10.94,Travel,Mobile App,0
TX_001162,CUST_0027,2026-01-07,357.68,Groceries,Branch,0
TX_001163,CUST_0196,2026-04-20,48.85,Travel,Mobile App,0
TX_001164,CUST_0192,2026-05-02,5.92,Groceries,ATM,0
TX_001165,CUST_0158,2026-01-11,5.1,Utilities,Branch,0
TX_001166,CUST_0164,2026-04-02,111.7,Utilities,ATM,0
TX_001167,CUST_0195,2026-01-23,88.08,Groceries,ATM,0
TX_001168,CUST_0113,2026-01-28,131.61,Dining Out,ATM,0
TX_001169,CUST_0086,2026-04-21,10.91,Utilities,ATM,0
TX_001170,CUST_0114,2026-02-26,4.9,Travel,Branch,0
TX_001171,CUST_0124,2026-01-26,58.84,Groceries,Mobile App,0
TX_001172,CUST_0049,2026-06-02,41.23,Travel,ATM,0
TX_001173,CUST_0076,2026-02-23,51.58,Dining Out,Branch,0
TX_001174,CUST_0055,2026-01-29,384.25,Groceries,ATM,0
TX_001175,CUST_0056,2026-04-07,284.55,Utilities,Mobile App,0
TX_001176,CUST_0196,2026-01-14,230.22,Travel,Branch,0
TX_001177,CUST_0095,2026-03-19,124.54,Utilities,Branch,0
TX_001178,CUST_0044,2026-02-04,37.06,Utilities,Mobile App,0
TX_001179,CUST_0159,2026-01-30,44.5,Groceries,Branch,0
TX_001180,CUST_0186,2026-04-02,65.81,Travel,Mobile App,0
TX_001181,CUST_0087,2026-01-17,144.01,Dining Out,Branch,0
TX_001182,CUST_0181,2026-06-07,7.7,Utilities,Branch,0
TX_001183,CUST_0084,2026-04-03,46.17,Groceries,Mobile App,0
TX_001184,CUST_0151,2026-03-20,8.9,Groceries,Mobile App,0
TX_001185,CUST_0156,2026-04-20,59.83,Dining Out,Branch,0
TX_001186,CUST_0016,2026-04-12,185.33,Groceries,Branch,0
TX_001187,CUST_0165,2026-04-16,124.04,Utilities,Mobile App,0
TX_001188,CUST_0149,2026-02-16,10943.04,Groceries,Mobile App,1
TX_001189,CUST_0145,2026-03-05,10589.94,Travel,Branch,1
TX_001190,CUST_0037,2026-03-05,90.05,Travel,Branch,0
TX_001191,CUST_0077,2026-03-28,2.84,Utilities,Branch,0
TX_001192,CUST_0147,2026-01-07,25.59,Travel,Mobile App,0
TX_001193,CUST_0158,2026-01-22,26.17,Dining Out,Branch,0
TX_001194,CUST_0045,2026-03-22,7.74,Groceries,ATM,0
TX_001195,CUST_0146,2026-03-15,259.16,Utilities,Mobile App,0
TX_001196,CUST_0062,2026-05-18,54.05,Dining Out,Branch,0
TX_001197,CUST_0164,2026-05-15,182.93,Groceries,Mobile App,0
TX_001198,CUST_0100,2026-05-05,33.11,Dining Out,ATM,0
TX_001199,CUST_0052,2026-02-19,12.7,Utilities,Mobile App,0
TX_001200,CUST_0019,2026-02-21,53.45,Utilities,Branch,0
TX_001201,CUST_0109,2026-01-01,11.68,Dining Out,ATM,0
TX_001202,CUST_0044,2026-01-04,55.24,Groceries,ATM,0
TX_001203,CUST_0007,2026-05-25,204.36,Travel,Branch,0
TX_001204,CUST_0172,2026-05-12,60.85,Travel,Branch,0
TX_001205,CUST_0117,2026-01-04,78.67,Dining Out,Branch,0
TX_001206,CUST_0068,2026-01-01,15.63,Utilities,Mobile App,0
TX_001207,CUST_0034,2026-03-12,5.58,Groceries,Mobile App,0
TX_001208,CUST_0194,2026-02-04,11.4,Groceries,Mobile App,0
TX_001209,CUST_0069,2026-01-08,75.01,Utilities,Branch,0
TX_001210,CUST_0055,2026-06-01,9.99,Travel,Branch,0
TX_001211,CUST_0010,2026-02-05,39.73,Groceries,Mobile App,0
TX_001212,CUST_0042,2026-05-03,65.9,Dining Out,ATM,0
TX_001213,CUST_0041,2026-02-12,41.37,Travel,Mobile App,0
TX_001214,CUST_0197,2026-01-27,16.3,Dining Out,ATM,0
TX_001215,CUST_0122,2026-02-01,27.59,Travel,Branch,0
TX_001216,CUST_0138,2026-03-19,212.84,Utilities,Branch,0
TX_001217,CUST_0010,2026-05-01,92.16,Dining Out,Mobile App,0
TX_001218,CUST_0102,2026-05-26,56.82,Dining Out,Mobile App,0
TX_001219,CUST_0188,2026-06-05,3.02,Utilities,Branch,0
TX_001220,CUST_0128,2026-06-06,392.53,Dining Out,Mobile App,0
TX_001221,CUST_0179,2026-01-16,91.05,Travel,Branch,0
TX_001222,CUST_0149,2026-04-09,32.49,Groceries,Branch,0
TX_001223,CUST_0136,2026-02-16,171.14,Groceries,ATM,0
TX_001224,CUST_0193,2026-01-31,25.92,Utilities,Mobile App,0
TX_001225,CUST_0092,2026-01-04,64.82,Travel,Branch,0
TX_001226,CUST_0113,2026-01-17,82.86,Dining Out,Mobile App,0
TX_001227,CUST_0078,2026-02-08,21.99,Dining Out,ATM,0
TX_001228,CUST_0085,2026-02-17,308.79,Groceries,ATM,0
TX_001229,CUST_0030,2026-02-08,112.33,Dining Out,Mobile App,0
TX_001230,CUST_0049,2026-05-12,67.28,Groceries,Mobile App,0
TX_001231,CUST_0009,2026-01-30,17.93,Utilities,Branch,0
TX_001232,CUST_0145,2026-06-07,6.43,Dining Out,ATM,0
TX_001233,CUST_0069,2026-01-22,32.86,Travel,ATM,0
TX_001234,CUST_0058,2026-03-07,113.93,Dining Out,ATM,0
TX_001235,CUST_0185,2026-04-18,27.1,Groceries,Mobile App,0
TX_001236,CUST_0062,2026-01-12,64.05,Utilities,Branch,0
TX_001237,CUST_0052,2026-02-05,106.14,Groceries,Mobile App,0
TX_001238,CUST_0189,2026-01-18,11.14,Dining Out,Mobile App,0
TX_001239,CUST_0040,2026-03-31,94.49,Groceries,Mobile App,0
TX_001240,CUST_0166,2026-01-01,9.71,Groceries,Branch,0
TX_001241,CUST_0171,2026-05-07,270.49,Utilities,Mobile App,0
TX_001242,CUST_0063,2026-03-31,55.62,Travel,ATM,0
TX_001243,CUST_0147,2026-03-28,15.07,Dining Out,ATM,0
TX_001244,CUST_0050,2026-03-31,35.53,Utilities,ATM,0
TX_001245,CUST_0161,2026-05-14,44.68,Travel,Branch,0
TX_001246,CUST_0141,2026-03-11,115.57,Groceries,Mobile App,0
TX_001247,CUST_0078,2026-02-13,110.83,Travel,Branch,0
TX_001248,CUST_0097,2026-06-01,77.73,Groceries,Mobile App,0
TX_001249,CUST_0190,2026-03-27,10.96,Groceries,ATM,0
TX_001250,CUST_0043,2026-01-19,15.15,Utilities,Mobile App,0
TX_001251,CUST_0177,2026-04-11,9.88,Groceries,Mobile App,0
TX_001252,CUST_0036,2026-05-26,70.86,Utilities,Mobile App,0
TX_001253,CUST_0122,2026-04-05,169.74,Travel,Branch,0
TX_001254,CUST_0108,2026-04-11,47.5,Travel,Mobile App,0
TX_001255,CUST_0010,2026-01-30,16.03,Groceries,Mobile App,0
TX_001256,CUST_0095,2026-02-02,67.32,Utilities,Mobile App,0
TX_001257,CUST_0006,2026-01-12,135.6,Groceries,Branch,0
TX_001258,CUST_0057,2026-04-28,110.29,Utilities,Branch,0
TX_001259,CUST_0129,2026-04-04,172.59,Utilities,Branch,0
TX_001260,CUST_0071,2026-06-04,28.05,Utilities,Mobile App,0
TX_001261,CUST_0186,2026-05-17,19.25,Travel,ATM,0
TX_001262,CUST_0021,2026-05-29,171.5,Utilities,ATM,0
TX_001263,CUST_0092,2026-03-17,87.73,Travel,ATM,0
TX_001264,CUST_0127,2026-01-29,31.79,Utilities,Mobile App,0
TX_001265,CUST_0080,2026-04-27,110.49,Travel,ATM,0
TX_001266,CUST_0056,2026-01-15,137.04,Dining Out,ATM,0
TX_001267,CUST_0116,2026-01-02,78.36,Travel,ATM,0
TX_001268,CUST_0148,2026-04-27,95.15,Travel,Mobile App,0
TX_001269,CUST_0182,2026-01-18,39.63,Groceries,ATM,0
TX_001270,CUST_0025,2026-01-03,63.9,Utilities,ATM,0
TX_001271,CUST_0156,2026-05-15,61.41,Dining Out,Mobile App,0
TX_001272,CUST_0005,2026-04-18,152.74,Groceries,Branch,0
TX_001273,CUST_0120,2026-04-05,148.59,Utilities,ATM,0
TX_001274,CUST_0021,2026-05-02,145.03,Dining Out,Branch,0
TX_001275,CUST_0018,2026-01-11,2.89,Dining Out,ATM,0
TX_001276,CUST_0175,2026-03-09,112.76,Dining Out,Mobile App,0
TX_001277,CUST_0198,2026-05-03,115.73,Utilities,Branch,0
TX_001278,CUST_0057,2026-04-23,92.75,Dining Out,Branch,0
TX_001279,CUST_0093,2026-04-08,114.93,Dining Out,Branch,0
TX_001280,CUST_0019,2026-04-03,149.6,Groceries,Branch,0
TX_001281,CUST_0128,2026-01-22,52.84,Travel,ATM,0
TX_001282,CUST_0097,2026-05-07,57.78,Utilities,ATM,0
TX_001283,CUST_0193,2026-05-14,12.66,Travel,Branch,0
TX_001284,CUST_0131,2026-01-25,40.94,Groceries,ATM,0
TX_001285,CUST_0170,2026-03-26,84.48,Travel,Branch,0
TX_001286,CUST_0021,2026-02-24,123.28,Dining Out,Branch,0
TX_001287,CUST_0040,2026-05-24,21.59,Dining Out,Mobile App,0
TX_001288,CUST_0067,2026-04-05,13.86,Utilities,Branch,0
TX_001289,CUST_0153,2026-05-22,89.02,Utilities,ATM,0
TX_001290,CUST_0127,2026-06-05,2.15,Utilities,Branch,0
TX_001291,CUST_0055,2026-04-29,17.72,Groceries,Mobile App,0
TX_001292,CUST_0180,2026-01-09,4.36,Utilities,ATM,0
TX_001293,CUST_0172,2026-05-30,16.61,Groceries,Mobile App,0
TX_001294,CUST_0109,2026-06-09,18.0,Dining Out,Mobile App,0
TX_001295,CUST_0098,2026-02-11,41.24,Travel,Branch,0
TX_001296,CUST_0184,2026-02-22,43.18,Dining Out,Mobile App,0
TX_001297,CUST_0183,2026-03-15,167.88,Dining Out,Mobile App,0
TX_001298,CUST_0112,2026-02-08,59.09,Dining Out,ATM,0
TX_001299,CUST_0198,2026-05-02,104.82,Utilities,Mobile App,0
TX_001300,CUST_0115,2026-01-15,10.8,Utilities,Branch,0
TX_001301,CUST_0117,2026-06-06,22.44,Utilities,Branch,0
TX_001302,CUST_0087,2026-05-03,99.11,Travel,Branch,0
TX_001303,CUST_0081,2026-04-21,6.34,Utilities,Mobile App,0
TX_001304,CUST_0066,2026-05-11,55.34,Groceries,ATM,0
TX_001305,CUST_0019,2026-03-24,75.18,Dining Out,Branch,0
TX_001306,CUST_0135,2026-01-10,75.73,Travel,Mobile App,0
TX_001307,CUST_0118,2026-04-02,3.86,Travel,Branch,0
TX_001308,CUST_0191,2026-01-29,33.1,Travel,Branch,0
TX_001309,CUST_0042,2026-02-04,82.96,Travel,ATM,0
TX_001310,CUST_0042,2026-01-06,14.91,Travel,Branch,0
TX_001311,CUST_0059,2026-05-20,97.1,Groceries,ATM,0
TX_001312,CUST_0020,2026-04-21,111.61,Dining Out,Mobile App,0
TX_001313,CUST_0073,2026-02-07,323.25,Travel,Branch,0
TX_001314,CUST_0017,2026-03-18,20.84,Dining Out,Mobile App,0
TX_001315,CUST_0027,2026-04-03,141.5,Utilities,Mobile App,0
TX_001316,CUST_0175,2026-05-27,60.77,Travel,Mobile App,0
TX_001317,CUST_0002,2026-03-08,39.4,Travel,Branch,0
TX_001318,CUST_0063,2026-05-16,12.44,Dining Out,ATM,0
TX_001319,CUST_0062,2026-01-08,108.39,Travel,Branch,0
TX_001320,CUST_0100,2026-05-02,23.52,Travel,Mobile App,0
TX_001321,CUST_0019,2026-03-25,39.14,Travel,ATM,0
TX_001322,CUST_0017,2026-05-12,7.17,Groceries,Mobile App,0
TX_001323,CUST_0069,2026-03-26,131.3,Groceries,ATM,0
TX_001324,CUST_0167,2026-02-14,118.4,Travel,Branch,0
TX_001325,CUST_0117,2026-05-16,107.83,Groceries,ATM,0
TX_001326,CUST_0199,2026-03-28,30.47,Utilities,Branch,0
TX_001327,CUST_0081,2026-01-16,17.24,Travel,Mobile App,0
TX_001328,CUST_0039,2026-03-18,83.19,Utilities,ATM,0
TX_001329,CUST_0036,2026-01-09,56.84,Dining Out,Mobile App,0
TX_001330,CUST_0168,2026-03-01,17.71,Utilities,ATM,0
TX_001331,CUST_0173,2026-03-19,94.65,Dining Out,Branch,0
TX_001332,CUST_0132,2026-03-18,379.97,Travel,ATM,0
TX_001333,CUST_0153,2026-03-12,112.02,Dining Out,ATM,0
TX_001334,CUST_0197,2026-01-15,109.76,Dining Out,Branch,0
TX_001335,CUST_0158,2026-03-12,242.16,Utilities,Branch,0
TX_001336,CUST_0196,2026-04-12,20.15,Utilities,Branch,0
TX_001337,CUST_0029,2026-01-22,68.69,Utilities,ATM,0
TX_001338,CUST_0196,2026-06-01,313.56,Travel,Mobile App,0
TX_001339,CUST_0051,2026-04-23,16.45,Travel,ATM,0
TX_001340,CUST_0152,2026-01-01,98.39,Utilities,ATM,0
TX_001341,CUST_0014,2026-01-10,72.51,Travel,Mobile App,0
TX_001342,CUST_0069,2026-04-20,72.64,Travel,Branch,0
TX_001343,CUST_0146,2026-04-23,97.7,Dining Out,ATM,0
TX_001344,CUST_0170,2026-02-19,214.3,Dining Out,Mobile App,0
TX_001345,CUST_0057,2026-01-12,124.07,Utilities,Branch,0
TX_001346,CUST_0012,2026-03-30,6.62,Travel,Branch,0
TX_001347,CUST_0017,2026-06-03,155.24,Dining Out,ATM,0
TX_001348,CUST_0030,2026-04-22,22.45,Groceries,Branch,0
TX_001349,CUST_0088,2026-03-19,39.85,Travel,Branch,0
TX_001350,CUST_0099,2026-05-01,51.55,Groceries,Mobile App,0
TX_001351,CUST_0023,2026-01-23,54.45,Utilities,Mobile App,0
TX_001352,CUST_0129,2026-05-14,47.7,Travel,Branch,0
TX_001353,CUST_0079,2026-01-25,223.62,Utilities,Mobile App,0
TX_001354,CUST_0032,2026-01-18,99.94,Utilities,Branch,0
TX_001355,CUST_0009,2026-05-21,81.79,Utilities,ATM,0
TX_001356,CUST_0015,2026-02-12,3089.81,Utilities,Mobile App,1
TX_001357,CUST_0156,2026-03-19,189.4,Utilities,Branch,0
TX_001358,CUST_0152,2026-01-28,194.1,Travel,Branch,0
TX_001359,CUST_0188,2026-05-26,123.21,Groceries,Mobile App,0
TX_001360,CUST_0163,2026-02-28,2.56,Travel,Mobile App,0
TX_001361,CUST_0027,2026-03-04,6.72,Travel,ATM,0
TX_001362,CUST_0109,2026-04-02,22.41,Travel,Branch,0
TX_001363,CUST_0076,2026-02-25,13.27,Dining Out,ATM,0
TX_001364,CUST_0148,2026-06-04,42.71,Dining Out,ATM,0
TX_001365,CUST_0065,2026-06-09,206.73,Travel,ATM,0
TX_001366,CUST_0177,2026-04-21,53.1,Groceries,Mobile App,0
TX_001367,CUST_0109,2026-05-17,3.08,Travel,ATM,0
TX_001368,CUST_0129,2026-03-09,28.59,Utilities,Mobile App,0
TX_001369,CUST_0010,2026-02-15,5.65,Dining Out,Mobile App,0
TX_001370,CUST_0047,2026-03-08,4.96,Dining Out,ATM,0
TX_001371,CUST_0123,2026-06-03,27.81,Travel,ATM,0
TX_001372,CUST_0059,2026-05-16,27.79,Travel,Branch,0
TX_001373,CUST_0096,2026-01-06,125.76,Groceries,ATM,0
TX_001374,CUST_0190,2026-01-24,296.58,Groceries,Branch,0
TX_001375,CUST_0103,2026-04-04,39.12,Utilities,ATM,0
TX_001376,CUST_0124,2026-01-13,46.81,Travel,ATM,0
TX_001377,CUST_0086,2026-01-25,151.04,Travel,ATM,0
TX_001378,CUST_0146,2026-05-28,26.97,Travel,ATM,0
TX_001379,CUST_0112,2026-04-28,15.6,Dining Out,Branch,0
TX_001380,CUST_0174,2026-03-23,155.43,Utilities,Branch,0
TX_001381,CUST_0160,2026-04-21,5.81,Groceries,ATM,0
TX_001382,CUST_0027,2026-03-23,10694.77,Dining Out,ATM,1
TX_001383,CUST_0018,2026-03-07,68.04,Dining Out,Branch,0
TX_001384,CUST_0167,2026-02-14,35.96,Dining Out,Mobile App,0
TX_001385,CUST_0177,2026-04-24,32.29,Dining Out,Mobile App,0
TX_001386,CUST_0082,2026-03-04,120.22,Utilities,Mobile App,0
TX_001387,CUST_0172,2026-03-17,9.23,Travel,Branch,0
TX_001388,CUST_0072,2026-04-24,23.62,Groceries,Branch,0
TX_001389,CUST_0054,2026-04-21,107.48,Groceries,Mobile App,0
TX_001390,CUST_0162,2026-05-27,65.58,Dining Out,Mobile App,0
TX_001391,CUST_0071,2026-02-04,12.96,Dining Out,ATM,0
TX_001392,CUST_0164,2026-02-22,173.06,Utilities,Branch,0
TX_001393,CUST_0146,2026-01-26,42.0,Dining Out,Branch,0
TX_001394,CUST_0038,2026-01-14,142.76,Groceries,Mobile App,0
TX_001395,CUST_0187,2026-04-28,125.99,Groceries,Mobile App,0
TX_001396,CUST_0137,2026-02-14,80.34,Travel,Branch,0
TX_001397,CUST_0200,2026-02-20,56.57,Travel,ATM,0
TX_001398,CUST_0179,2026-04-29,313.19,Groceries,Mobile App,0
TX_001399,CUST_0035,2026-05-31,14.53,Groceries,Branch,0
TX_001400,CUST_0082,2026-01-19,105.32,Utilities,Branch,0
TX_001401,CUST_0133,2026-03-23,18.98,Utilities,ATM,0
TX_001402,CUST_0142,2026-03-17,35.03,Groceries,ATM,0
TX_001403,CUST_0158,2026-04-02,31.53,Dining Out,Mobile App,0
TX_001404,CUST_0004,2026-02-02,237.05,Travel,Mobile App,0
TX_001405,CUST_0167,2026-05-27,3681.3,Groceries,Mobile App,1
TX_001406,CUST_0192,2026-01-28,18.17,Dining Out,Branch,0
TX_001407,CUST_0153,2026-05-03,3.78,Groceries,Mobile App,0
TX_001408,CUST_0156,2026-05-06,103.84,Travel,Branch,0
TX_001409,CUST_0194,2026-02-06,45.3,Travel,Mobile App,0
TX_001410,CUST_0150,2026-06-03,9.44,Utilities,ATM,0
TX_001411,CUST_0159,2026-04-09,94.1,Utilities,ATM,0
TX_001412,CUST_0023,2026-04-08,65.02,Utilities,Branch,0
TX_001413,CUST_0048,2026-05-07,317.06,Utilities,ATM,0
TX_001414,CUST_0148,2026-03-21,22.64,Travel,Branch,0
TX_001415,CUST_0125,2026-02-07,43.4,Dining Out,Branch,0
TX_001416,CUST_0166,2026-03-18,64.57,Dining Out,ATM,0
TX_001417,CUST_0055,2026-05-06,127.5,Dining Out,Branch,0
TX_001418,CUST_0068,2026-03-28,65.67,Groceries,ATM,0
TX_001419,CUST_0088,2026-02-23,77.93,Utilities,Mobile App,0
TX_001420,CUST_0001,2026-05-30,22.51,Utilities,Mobile App,0
TX_001421,CUST_0135,2026-01-16,152.14,Travel,ATM,0
TX_001422,CUST_0185,2026-01-28,46.78,Travel,ATM,0
TX_001423,CUST_0095,2026-02-15,14.16,Groceries,ATM,0
TX_001424,CUST_0140,2026-03-13,89.3,Groceries,ATM,0
TX_001425,CUST_0106,2026-03-26,21.48,Dining Out,Mobile App,0
TX_001426,CUST_0133,2026-01-26,10.21,Travel,Branch,0
TX_001427,CUST_0108,2026-03-26,160.43,Utilities,Branch,0
TX_001428,CUST_0178,2026-06-02,51.32,Dining Out,Mobile App,0
TX_001429,CUST_0042,2026-03-06,112.67,Utilities,Branch,0
TX_001430,CUST_0102,2026-05-14,29.47,Dining Out,Mobile App,0
TX_001431,CUST_0124,2026-05-31,125.71,Utilities,Branch,0
TX_001432,CUST_0140,2026-04-25,11.5,Groceries,ATM,0
TX_001433,CUST_0103,2026-03-05,37.2,Dining Out,ATM,0
TX_001434,CUST_0146,2026-03-28,307.56,Utilities,ATM,0
TX_001435,CUST_0194,2026-04-17,128.39,Utilities,Mobile App,0
TX_001436,CUST_0074,2026-05-31,57.01,Travel,Mobile App,0
TX_001437,CUST_0108,2026-04-06,35.21,Dining Out,Branch,0
TX_001438,CUST_0122,2026-06-07,166.54,Utilities,Branch,0
TX_001439,CUST_0017,2026-03-18,64.97,Travel,Branch,0
TX_001440,CUST_0196,2026-05-26,115.65,Utilities,Mobile App,0
TX_001441,CUST_0071,2026-03-28,114.23,Dining Out,Branch,0
TX_001442,CUST_0062,2026-05-29,3.45,Groceries,ATM,0
TX_001443,CUST_0041,2026-02-26,12.8,Dining Out,Branch,0
TX_001444,CUST_0119,2026-04-13,88.22,Dining Out,ATM,0
TX_001445,CUST_0162,2026-05-31,16.1,Utilities,Mobile App,0
TX_001446,CUST_0198,2026-04-01,25.6,Utilities,ATM,0
TX_001447,CUST_0045,2026-02-14,236.45,Dining Out,ATM,0
TX_001448,CUST_0058,2026-03-29,67.71,Travel,ATM,0
TX_001449,CUST_0179,2026-04-25,113.14,Travel,Mobile App,0
TX_001450,CUST_0126,2026-02-16,67.31,Travel,Mobile App,0
TX_001451,CUST_0162,2026-05-15,66.33,Utilities,Mobile App,0
TX_001452,CUST_0044,2026-02-19,9.91,Utilities,Mobile App,0
TX_001453,CUST_0015,2026-03-25,35.69,Dining Out,Branch,0
TX_001454,CUST_0078,2026-04-01,28.55,Groceries,Mobile App,0
TX_001455,CUST_0070,2026-05-14,41.64,Utilities,ATM,0
TX_001456,CUST_0178,2026-04-01,130.1,Dining Out,Mobile App,0
TX_001457,CUST_0101,2026-05-17,39.21,Dining Out,Branch,0
TX_001458,CUST_0160,2026-04-19,50.07,Groceries,Branch,0
TX_001459,CUST_0195,2026-02-26,42.52,Travel,Branch,0
TX_001460,CUST_0003,2026-01-31,9.85,Dining Out,ATM,0
TX_001461,CUST_0086,2026-01-21,48.54,Dining Out,Mobile App,0
TX_001462,CUST_0074,2026-03-31,19.41,Dining Out,Mobile App,0
TX_001463,CUST_0051,2026-02-09,18.53,Travel,Mobile App,0
TX_001464,CUST_0067,2026-04-22,9.9,Travel,ATM,0
TX_001465,CUST_0076,2026-02-14,37.29,Groceries,ATM,0
TX_001466,CUST_0093,2026-03-18,115.33,Utilities,Branch,0
TX_001467,CUST_0176,2026-03-28,27.89,Travel,Branch,0
TX_001468,CUST_0145,2026-05-28,6002.66,Utilities,Mobile App,1
TX_001469,CUST_0007,2026-04-11,84.33,Utilities,ATM,0
TX_001470,CUST_0013,2026-04-27,19.44,Travel,ATM,0
TX_001471,CUST_0120,2026-04-02,183.81,Dining Out,Mobile App,0
TX_001472,CUST_0066,2026-05-25,60.75,Groceries,Mobile App,0
TX_001473,CUST_0004,2026-01-28,49.48,Utilities,Branch,0
TX_001474,CUST_0138,2026-01-25,67.28,Dining Out,Branch,0
TX_001475,CUST_0088,2026-02-27,16.53,Travel,Branch,0
TX_001476,CUST_0017,2026-02-10,78.04,Utilities,Mobile App,0
TX_001477,CUST_0052,2026-05-14,38.09,Utilities,Mobile App,0
TX_001478,CUST_0134,2026-03-16,183.99,Utilities,Branch,0
TX_001479,CUST_0069,2026-02-07,16.8,Dining Out,Branch,0
TX_001480,CUST_0137,2026-05-14,58.59,Dining Out,ATM,0
TX_001481,CUST_0021,2026-03-16,74.93,Dining Out,ATM,0
TX_001482,CUST_0024,2026-05-22,4.72,Utilities,Branch,0
TX_001483,CUST_0004,2026-03-07,38.17,Utilities,Branch,0
TX_001484,CUST_0152,2026-01-03,107.53,Groceries,ATM,0
TX_001485,CUST_0187,2026-04-27,139.35,Groceries,Branch,0
TX_001486,CUST_0003,2026-04-09,32.05,Dining Out,ATM,0
TX_001487,CUST_0068,2026-06-01,130.19,Dining Out,ATM,0
TX_001488,CUST_0101,2026-01-19,276.75,Travel,ATM,0
TX_001489,CUST_0168,2026-05-26,157.52,Dining Out,Mobile App,0
TX_001490,CUST_0176,2026-04-26,12.01,Groceries,Mobile App,0
TX_001491,CUST_0054,2026-05-05,109.68,Groceries,Branch,0
TX_001492,CUST_0035,2026-03-29,32.81,Groceries,ATM,0
TX_001493,CUST_0056,2026-02-04,358.65,Utilities,Mobile App,0
TX_001494,CUST_0108,2026-01-01,55.14,Utilities,Branch,0
TX_001495,CUST_0040,2026-06-02,12.45,Dining Out,Branch,0
TX_001496,CUST_0068,2026-05-06,105.33,Travel,Branch,0
TX_001497,CUST_0046,2026-03-30,33.21,Travel,Branch,0
TX_001498,CUST_0078,2026-05-24,468.84,Travel,Branch,0
TX_001499,CUST_0141,2026-05-27,314.1,Utilities,ATM,0
TX_001500,CUST_0155,2026-05-31,87.4,Groceries,Branch,0
